0.022500000 0.991287943 0.000000000 0.991287943 0.000000000 0.000000000 0.000000000 4.818264803 -0.000280361 -0.000282825 9721.213903488 
0.067500000 0.991627797 -0.000029222 0.991627797 0.000000000 0.000009371 -0.000028977 4.821589133 -0.000846152 -0.000853296 9724.546735998 
0.112500000 0.992070779 -0.000788342 0.992070779 0.000000000 0.000252745 -0.000782091 4.825913251 -0.001440855 -0.001452371 9728.890903760 
0.157500000 0.992381317 -0.001632999 0.992381317 0.000000000 0.000523463 -0.001620558 4.828938945 -0.002059425 -0.002075236 9731.936244763 
0.202500000 0.992544494 -0.002452534 0.992544494 0.000000000 0.000786103 -0.002434249 4.830524266 -0.002677166 -0.002697276 9733.536457665 
0.247500000 0.992583546 -0.003204739 0.992583546 0.000000000 0.001027185 -0.003180971 4.830900248 -0.003281339 -0.003305856 9733.919428472 
0.292500000 0.992531375 -0.003886290 0.992531375 0.000000000 0.001245669 -0.003857265 4.830389464 -0.003866337 -0.003895431 9733.407808321 
0.337500000 0.992416494 -0.004508606 0.992416494 0.000000000 0.001445223 -0.004474415 4.829269958 -0.004430158 -0.004464011 9732.281207624 
0.382500000 0.992259033 -0.005085061 0.992259033 0.000000000 0.001630134 -0.005045698 4.827737524 -0.004972240 -0.005011031 9730.737049839 
0.427500000 0.992071466 -0.005626052 0.992071466 0.000000000 0.001803731 -0.005581445 4.825913286 -0.005492349 -0.005536244 9728.897646054 
0.472500000 0.991860758 -0.006138098 0.991860758 0.000000000 0.001968105 -0.006088139 4.823864834 -0.005990105 -0.006039260 9726.831304861 
0.517500000 0.991630454 -0.006624520 0.991630454 0.000000000 0.002124316 -0.006569076 4.821626558 -0.006464866 -0.006519430 9724.572791210 
0.562500000 0.991382222 -0.007086463 0.991382222 0.000000000 0.002272734 -0.007025393 4.819214668 -0.006915770 -0.006975886 9722.138464926 
0.607500000 0.991116838 -0.007523795 0.991116838 0.000000000 0.002413316 -0.007456960 4.816636750 -0.007341828 -0.007407631 9719.535936777 
0.652500000 0.990834746 -0.007935750 0.990834746 0.000000000 0.002545816 -0.007863016 4.813897200 -0.007742022 -0.007813636 9716.769564318 
0.697500000 0.990536345 -0.008321319 0.990536345 0.000000000 0.002669910 -0.008242568 4.810999979 -0.008115377 -0.008192911 9713.843242985 
0.742500000 0.990222107 -0.008679491 0.990222107 0.000000000 0.002785272 -0.008594624 4.807949810 -0.008461020 -0.008544568 9710.761624764 
0.787500000 0.989892625 -0.009009374 0.989892625 0.000000000 0.002891613 -0.008918313 4.804752562 -0.008778220 -0.008867851 9707.530513780 
0.832500000 0.989548611 -0.009310248 0.989548611 0.000000000 0.002988700 -0.009212943 4.801415263 -0.009066407 -0.009162165 9704.156881503 
0.877500000 0.989190880 -0.009581595 0.989190880 0.000000000 0.003076362 -0.009478026 4.797945966 -0.009325190 -0.009427088 9700.648739561 
0.922500000 0.988820340 -0.009823105 0.988820340 0.000000000 0.003154494 -0.009713286 4.794353595 -0.009554364 -0.009662386 9697.014983591 
0.967500000 0.988437974 -0.010034675 0.988437974 0.000000000 0.003223059 -0.009918653 4.790647803 -0.009753917 -0.009868011 9693.265253725 
1.012500000 0.988044829 -0.010216409 0.988044829 0.000000000 0.003282083 -0.010094270 4.786838862 -0.009924031 -0.010044110 9689.409824830 
1.057500000 0.987642011 -0.010368617 0.987642011 0.000000000 0.003331660 -0.010240482 4.782937578 -0.010065086 -0.010191026 9685.459524980 
1.102500000 0.987230673 -0.010491808 0.987230673 0.000000000 0.003371946 -0.010357834 4.778955234 -0.010177655 -0.010309298 9681.425676268 
1.147500000 0.986812015 -0.010586691 0.986812015 0.000000000 0.003403162 -0.010447074 4.774903542 -0.010262508 -0.010399659 9677.320050107 
1.192500000 0.986387281 -0.010654172 0.986387281 0.000000000 0.003425592 -0.010509140 4.770794605 -0.010320609 -0.010463040 9673.154831232 
1.237500000 0.985957752 -0.010695354 0.985957752 0.000000000 0.003439582 -0.010545167 4.766640889 -0.010353111 -0.010500562 9668.942587687 
1.282500000 0.985524745 -0.010711525 0.985524745 0.000000000 0.003445539 -0.010556473 4.762455191 -0.010361353 -0.010513540 9664.696243711 
1.327500000 0.985089613 -0.010704167 0.985089613 0.000000000 0.003443933 -0.010544563 4.758250613 -0.010346859 -0.010503470 9660.429052523 
1.372500000 0.984653737 -0.010674937 0.984653737 0.000000000 0.003435288 -0.010511117 4.754040533 -0.010311328 -0.010472034 9656.154568258 
1.417500000 0.984218527 -0.010625673 0.984218527 0.000000000 0.003420191 -0.010457984 4.749838577 -0.010256626 -0.010421087 9651.886618457 
1.462500000 0.983785419 -0.010558378 0.983785419 0.000000000 0.003399278 -0.010387179 4.745658589 -0.010184787 -0.010352651 9647.639274483 
1.507500000 0.983355868 -0.010475221 0.983355868 0.000000000 0.003373242 -0.010300870 4.741514600 -0.010097995 -0.010268912 9643.426819170 
1.552500000 0.982931349 -0.010378518 0.982931349 0.000000000 0.003342823 -0.010201371 4.737420794 -0.009998580 -0.010172206 9639.263714664 
1.597500000 0.982513352 -0.010270732 0.982513352 0.000000000 0.003308810 -0.010091131 4.733391477 -0.009889007 -0.010065010 9635.164567940 
1.642500000 0.982103378 -0.010154456 0.982103378 0.000000000 0.003272033 -0.009972725 4.729441039 -0.009771863 -0.009949933 9631.144093478 
1.687500000 0.981702934 -0.010032403 0.981702934 0.000000000 0.003233364 -0.009848839 4.725583919 -0.009649848 -0.009829703 9627.217075853 
1.732500000 0.981313530 -0.009907394 0.981313530 0.000000000 0.003193708 -0.009722260 4.721834566 -0.009525763 -0.009707155 9623.398329968 
1.777500000 0.980936677 -0.009782346 0.980936677 0.000000000 0.003154004 -0.009595862 4.718207402 -0.009402492 -0.009585218 9619.702658893 
1.822500000 0.980573877 -0.009660253 0.980573877 0.000000000 0.003115215 -0.009472592 4.714716779 -0.009282992 -0.009466898 9616.144811153 
1.867500000 0.980226625 -0.009544178 0.980226625 0.000000000 0.003078328 -0.009355458 4.711376937 -0.009170280 -0.009355266 9612.739435698 
1.912500000 0.979896400 -0.009437231 0.979896400 0.000000000 0.003044347 -0.009247509 4.708201963 -0.009067414 -0.009253441 9609.501035339 
1.957500000 0.979584661 -0.009342557 0.979584661 0.000000000 0.003014286 -0.009151825 4.705205746 -0.008977477 -0.009164575 9606.443918870 
2.002500000 0.979292842 -0.009263315 0.979292842 0.000000000 0.002989164 -0.009071498 4.702401930 -0.008903566 -0.009091832 9603.582151402 
2.047500000 0.979022347 -0.009202665 0.979022347 0.000000000 0.002970003 -0.009009614 4.699803870 -0.008848772 -0.009038376 9600.929503415 
2.092500000 0.978774546 -0.009163747 0.978774546 0.000000000 0.002957818 -0.008969242 4.697424581 -0.008816162 -0.009007347 9598.499398491 
2.137500000 0.978550765 -0.009149664 0.978550765 0.000000000 0.002953610 -0.008953411 4.695276691 -0.008808765 -0.009001848 9596.304859679 
2.182500000 0.978352287 -0.009163463 0.978352287 0.000000000 0.002958364 -0.008965095 4.693372393 -0.008829552 -0.009024921 9594.358454700 
2.227500000 0.978180341 -0.009208114 0.978180341 0.000000000 0.002973041 -0.009007196 4.691723390 -0.008881420 -0.009079533 9592.672240392 
2.272500000 0.978036099 -0.009286495 0.978036099 0.000000000 0.002998569 -0.009082527 4.690340845 -0.008967174 -0.009168551 9591.257705709 
2.317500000 0.977920668 -0.009401368 0.977920668 0.000000000 0.003035840 -0.009193792 4.689235331 -0.009089507 -0.009294729 9590.125714890 
2.362500000 0.977835086 -0.009555365 0.977835086 0.000000000 0.003085703 -0.009343571 4.688416775 -0.009250986 -0.009460681 9589.286449100 
2.407500000 0.977780317 -0.009750962 0.977780317 0.000000000 0.003148955 -0.009534299 4.687894405 -0.009454031 -0.009668870 9588.749348085 
2.452500000 0.977757241 -0.009990468 0.977757241 0.000000000 0.003226339 -0.009768252 4.687676696 -0.009700897 -0.009921581 9588.523052189 
2.497500000 0.977766653 -0.010275999 0.977766653 0.000000000 0.003318533 -0.010047529 4.687771315 -0.009993662 -0.010220907 9588.615343163 
2.542500000 0.977809251 -0.010609465 0.977809251 0.000000000 0.003426148 -0.010374033 4.688185068 -0.010334202 -0.010568730 9589.033087124 
2.587500000 0.977885636 -0.010992550 0.977885636 0.000000000 0.003549720 -0.010749457 4.688923843 -0.010724180 -0.010966702 9589.782176017 
2.632500000 0.977996306 -0.011426694 0.977996306 0.000000000 0.003689705 -0.011175264 4.689992558 -0.011165027 -0.011416226 9590.867470983 
2.677500000 0.978141643 -0.011913079 0.978141643 0.000000000 0.003846474 -0.011652679 4.691395107 -0.011657926 -0.011918443 9592.292747608 
2.722500000 0.978321918 -0.012452613 0.978321918 0.000000000 0.004020307 -0.012182664 4.693134303 -0.012203799 -0.012474216 9594.060640346 
2.767500000 0.978537277 -0.013045912 0.978537277 0.000000000 0.004211390 -0.012765911 4.695211830 -0.012803291 -0.013084112 9596.172591568 
2.812500000 0.978787741 -0.013693292 0.978787741 0.000000000 0.004419807 -0.013402826 4.697628195 -0.013456755 -0.013748390 9598.628802787 
2.857500000 0.979073199 -0.014394754 0.979073199 0.000000000 0.004645541 -0.014093518 4.700382676 -0.014164243 -0.014466991 9601.428188150 
2.902500000 0.979393405 -0.015149971 0.979393405 0.000000000 0.004888469 -0.014837782 4.703473281 -0.014925490 -0.015239525 9604.568335292 
2.947500000 0.979747975 -0.015958282 0.979747975 0.000000000 0.005148357 -0.015635095 4.706896716 -0.015739910 -0.016065264 9608.045474963 
2.992500000 0.980136383 -0.016818680 0.980136383 0.000000000 0.005424857 -0.016484600 4.710648362 -0.016606579 -0.016943131 9611.854462964 
3.037500000 0.980557966 -0.017729807 0.980557966 0.000000000 0.005717511 -0.017385104 4.714722265 -0.017524236 -0.017871698 9615.988776621 
3.082500000 0.981011908 -0.018689980 0.981011908 0.000000000 0.006025754 -0.018335093 4.719111046 -0.018491276 -0.018849186 9620.440425944 
3.127500000 0.981497218 -0.019697222 0.981497218 0.000000000 0.006348924 -0.019332768 4.723805625 -0.019505743 -0.019873458 9625.199689130 
3.172500000 0.982012749 -0.020749081 0.982012749 0.000000000 0.006686209 -0.020375862 4.728795422 -0.020565336 -0.020942026 9630.255325399 
3.217500000 0.982557225 -0.021842809 0.982557225 0.000000000 0.007036703 -0.021461810 4.734068597 -0.021667404 -0.022052053 9635.594813956 
3.262500000 0.983129231 -0.022975298 0.983129231 0.000000000 0.007399383 -0.022587687 4.739611947 -0.022808950 -0.023200358 9641.204270927 
3.307500000 0.983727203 -0.024143150 0.983727203 0.000000000 0.007773136 -0.023750274 4.745410834 -0.023986635 -0.024383421 9647.068376686 
3.352500000 0.984349422 -0.025342642 0.984349422 0.000000000 0.008156745 -0.024946015 4.751449051 -0.025196782 -0.025597396 9653.170260422 
3.397500000 0.984994023 -0.026569704 0.984994023 0.000000000 0.008548887 -0.026170999 4.757708956 -0.026435390 -0.026838122 9659.491639203 
3.442500000 0.985659011 -0.027819975 0.985659011 0.000000000 0.008948146 -0.027421009 4.764171581 -0.027698140 -0.028101138 9666.012938274 
3.487500000 0.986342258 -0.029088818 0.986342258 0.000000000 0.009353021 -0.028691530 4.770816636 -0.028980414 -0.029381702 9672.713302939 
3.532500000 0.987041512 -0.030371332 0.987041512 0.000000000 0.009761932 -0.029977766 4.777622543 -0.030277307 -0.030674806 9679.570643722 
3.577500000 0.987754401 -0.031662378 0.987754401 0.000000000 0.010173226 -0.031274653 4.784566490 -0.031583652 -0.031975207 9686.561699066 
3.622500000 0.988478443 -0.032956593 0.988478443 0.000000000 0.010585183 -0.032576881 4.791624513 -0.032894036 -0.033277443 9693.662124681 
3.667500000 0.989211054 -0.034248426 0.989211054 0.000000000 0.010996027 -0.033878922 4.798771581 -0.034202828 -0.034575865 9700.846586110 
3.712500000 0.989949561 -0.035532160 0.989949561 0.000000000 0.011403935 -0.035175046 4.805981700 -0.035504209 -0.035864665 9708.088865839 
3.757500000 0.990691213 -0.036801942 0.990691213 0.000000000 0.011807046 -0.036459360 4.813228028 -0.036792197 -0.037137905 9715.361988102 
3.802500000 0.991433195 -0.038051819 0.991433195 0.000000000 0.012203471 -0.037725837 4.820482998 -0.038060681 -0.038389557 9722.638339412 
3.847500000 0.992172639 -0.039275768 0.992172639 0.000000000 0.012591305 -0.038968343 4.827718451 -0.039303458 -0.039613527 9729.889808918 
3.892500000 0.992906644 -0.040467731 0.992906644 0.000000000 0.012968636 -0.040180679 4.834905795 -0.040514267 -0.040803702 9737.087940459 
3.937500000 0.993632289 -0.041621653 0.993632289 0.000000000 0.013333560 -0.041356618 4.842016155 -0.041686829 -0.041953980 9744.204087802 
3.982500000 0.994346650 -0.042731517 0.994346650 0.000000000 0.013684189 -0.042489941 4.849020543 -0.042814887 -0.043058311 9751.209577611 
4.027500000 0.995046818 -0.043791385 0.995046818 0.000000000 0.014018663 -0.043574479 4.855890036 -0.043892246 -0.044110735 9758.075880997 
4.072500000 0.995729917 -0.044795435 0.995729917 0.000000000 0.014335163 -0.044604155 4.862595956 -0.044912819 -0.045105423 9764.774790566 
4.117500000 0.996393121 -0.045737997 0.996393121 0.000000000 0.014631924 -0.045573025 4.869110064 -0.045870666 -0.046036714 9771.278601744 
4.162500000 0.997033676 -0.046613595 0.997033676 0.000000000 0.014907244 -0.046475324 4.875404748 -0.046760041 -0.046899159 9777.560296454 
4.207500000 0.997648914 -0.047416988 0.997648914 0.000000000 0.015159496 -0.047305507 4.881453222 -0.047575435 -0.047687553 9783.593725694 
4.252500000 0.998236278 -0.048143200 0.998236278 0.000000000 0.015387141 -0.048058289 4.887229724 -0.048311619 -0.048396977 9789.353797361 
4.297500000 0.998793335 -0.048787561 0.998793335 0.000000000 0.015588738 -0.048728691 4.892709713 -0.048963683 -0.049022837 9794.816662070 
4.342500000 0.999317799 -0.049345746 0.999317799 0.000000000 0.015762953 -0.049312082 4.897870060 -0.049527084 -0.049560895 9799.959889317 
4.387500000 0.999807543 -0.049813803 0.999807543 0.000000000 0.015908570 -0.049804216 4.902689233 -0.049997679 -0.050007304 9804.762637459 
4.432500000 1.000260621 -0.050188187 1.000260621 0.000000000 0.016024504 -0.050201267 4.907147476 -0.050371765 -0.050358641 9809.205822897 
4.477500000 1.000675285 -0.050465792 1.000675285 0.000000000 0.016109801 -0.050499871 4.911226986 -0.050646112 -0.050611935 9813.272280154 
4.522500000 1.001049992 -0.050643979 1.001049992 0.000000000 0.016163656 -0.050697155 4.914912064 -0.050817997 -0.050764695 9816.946900534 
4.567500000 1.001383425 -0.050720595 1.001383425 0.000000000 0.016185414 -0.050790763 4.918189260 -0.050885230 -0.050814932 9820.216768271 
4.612500000 1.001674505 -0.050694002 1.001674505 0.000000000 0.016174577 -0.050778890 4.921047506 -0.050846180 -0.050761180 9823.071280028 
4.657500000 1.001922394 -0.050563093 1.001922394 0.000000000 0.016130813 -0.050660295 4.923478222 -0.050699793 -0.050602515 9825.502243412 
4.702500000 1.002126513 -0.050327306 1.002126513 0.000000000 0.016053956 -0.050434327 4.925475410 -0.050445613 -0.050338567 9827.503964017 
4.747500000 1.002286541 -0.049986638 1.002286541 0.000000000 0.015944013 -0.050100935 4.927035726 -0.050083788 -0.049969530 9829.073310493 
4.792500000 1.002402427 -0.049541654 1.002402427 0.000000000 0.015801165 -0.049660674 4.928158528 -0.049615081 -0.049496170 9830.209760926 
4.837500000 1.002474385 -0.048993486 1.002474385 0.000000000 0.015625768 -0.049114715 4.928845907 -0.049040872 -0.048919825 9830.915429840 
4.882500000 1.002502901 -0.048343843 1.002502901 0.000000000 0.015418354 -0.048464843 4.929102685 -0.048363151 -0.048242406 9831.195071247 
4.927500000 1.002488726 -0.047594995 1.002488726 0.000000000 0.015179631 -0.047713446 4.928936401 -0.047584518 -0.047466387 9831.056064294 
4.972500000 1.002432877 -0.046749778 1.002432877 0.000000000 0.014910478 -0.046863514 4.928357268 -0.046708162 -0.046594803 9830.508375281 
5.017500000 1.002336628 -0.045811572 1.002336628 0.000000000 0.014611946 -0.045918617 4.927378104 -0.045737850 -0.045631226 9829.564497098 
5.062500000 1.002201503 -0.044784291 1.002201503 0.000000000 0.014285250 -0.044882884 4.926014247 -0.044677899 -0.044579757 9828.239372091 
5.107500000 1.002029265 -0.043672363 1.002029265 0.000000000 0.013931765 -0.043760986 4.924283443 -0.043533157 -0.043444996 9826.550290525 
5.152500000 1.001821904 -0.042480702 1.001821904 0.000000000 0.013553020 -0.042558098 4.922205716 -0.042308966 -0.042232023 9824.516770390 
5.197500000 1.001581623 -0.041214686 1.001581623 0.000000000 0.013150688 -0.041279873 4.919803217 -0.041011129 -0.040946367 9822.160421903 
5.242500000 1.001310824 -0.039880125 1.001310824 0.000000000 0.012726580 -0.039932401 4.917100061 -0.039645874 -0.039593973 9819.504793016 
5.287500000 1.001012089 -0.038483223 1.001012089 0.000000000 0.012282632 -0.038522171 4.914122138 -0.038219809 -0.038181167 9816.575198240 
5.332500000 1.000688159 -0.037030546 1.000688159 0.000000000 0.011820896 -0.037056029 4.910896920 -0.036739883 -0.036714617 9813.398534895 
5.377500000 1.000341920 -0.035528978 1.000341920 0.000000000 0.011343528 -0.035541126 4.907453250 -0.035213331 -0.035201295 9810.003088417 
5.422500000 0.999976376 -0.033985682 0.999976376 0.000000000 0.010852775 -0.033984879 4.903821128 -0.033647636 -0.033648431 9806.418326641 
5.467500000 0.999594631 -0.032408052 0.999594631 0.000000000 0.010350960 -0.032394915 4.900031481 -0.032050471 -0.032063468 9802.674684935 
5.512500000 0.999199864 -0.030803668 0.999199864 0.000000000 0.009840471 -0.030779020 4.896115935 -0.030429650 -0.030454017 9798.803346111 
5.557500000 0.998795309 -0.029180246 0.998795309 0.000000000 0.009323745 -0.029145093 4.892106583 -0.028793078 -0.028827807 9794.836016108 
5.602500000 0.998384229 -0.027545594 0.998384229 0.000000000 0.008803248 -0.027501086 4.888035751 -0.027148699 -0.027192636 9790.804697531 
5.647500000 0.997969894 -0.025907554 0.997969894 0.000000000 0.008281469 -0.025854959 4.883935766 -0.025504444 -0.025556326 9786.741463318 
5.692500000 0.997555560 -0.024273962 0.997555560 0.000000000 0.007760894 -0.024214625 4.879838728 -0.023868178 -0.023926665 9782.678232310 
5.737500000 0.997144443 -0.022652587 0.997144443 0.000000000 0.007244000 -0.022587901 4.875776292 -0.022247656 -0.022311368 9778.646548567 
5.782500000 0.996739699 -0.021051090 0.996739699 0.000000000 0.006733229 -0.020982457 4.871779448 -0.020650472 -0.020718019 9774.677366527 
5.827500000 0.996344403 -0.019476972 0.996344403 0.000000000 0.006230980 -0.019405772 4.867878321 -0.019084010 -0.019154029 9770.800843705 
5.872500000 0.995961530 -0.017937528 0.995961530 0.000000000 0.005739591 -0.017865088 4.864101976 -0.017555407 -0.017626591 9767.046142501 
5.917500000 0.995593933 -0.016439800 0.995593933 0.000000000 0.005261324 -0.016367365 4.860478233 -0.016071506 -0.016142631 9763.441242615 
5.962500000 0.995244326 -0.014990536 0.995244326 0.000000000 0.004798350 -0.014919246 4.857033505 -0.014638820 -0.014708771 9760.012765522 
6.007500000 0.994915268 -0.013596146 0.994915268 0.000000000 0.004352737 -0.013527013 4.853792636 -0.013263498 -0.013331284 9756.785812309 
6.052500000 0.994609149 -0.012262669 0.994609149 0.000000000 0.003926435 -0.012196563 4.850778771 -0.011951287 -0.012016064 9753.783815516 
6.097500000 0.994328176 -0.010995734 0.994328176 0.000000000 0.003521267 -0.010933368 4.848013225 -0.010707511 -0.010768589 9751.028406081 
6.142500000 0.994074357 -0.009800530 0.994074357 0.000000000 0.003138917 -0.009742455 4.845515380 -0.009537040 -0.009593890 9748.539296532 
6.187500000 0.993849498 -0.008681778 0.993849498 0.000000000 0.002780917 -0.008628380 4.843302595 -0.008444270 -0.008496528 9746.334180684 
6.232500000 0.993655188 -0.007643708 0.993655188 0.000000000 0.002448645 -0.007595210 4.841390133 -0.007433105 -0.007480568 9744.428650412 
6.277500000 0.993492796 -0.006690038 0.993492796 0.000000000 0.002143314 -0.006646505 4.839791101 -0.006506943 -0.006549562 9742.836130164 
6.322500000 0.993363465 -0.005823959 0.993363465 0.000000000 0.001865967 -0.005785308 4.838516416 -0.005668665 -0.005706537 9741.567828157 
6.367500000 0.993268109 -0.005048122 0.993268109 0.000000000 0.001617470 -0.005014139 4.837574778 -0.004920627 -0.004953977 9740.632705055 
6.412500000 0.993207411 -0.004364633 0.993207411 0.000000000 0.001398516 -0.004334986 4.836972663 -0.004264660 -0.004293826 9740.037461119 
6.457500000 0.993181825 -0.003775046 0.993181825 0.000000000 0.001209616 -0.003749307 4.836714335 -0.003702067 -0.003727481 9739.786540467 
6.502500000 0.993191574 -0.003280368 0.993191574 0.000000000 0.001051104 -0.003258034 4.836801872 -0.003233627 -0.003255794 9739.882152643 
6.547500000 0.993236662 -0.002881061 0.993236662 0.000000000 0.000923136 -0.002861576 4.837235205 -0.002859608 -0.002879080 9740.324311291 
6.592500000 0.993316870 -0.002577055 0.993316870 0.000000000 0.000825695 -0.002559832 4.838012173 -0.002579768 -0.002597124 9741.110886624 
6.637500000 0.993431771 -0.002367754 0.993431771 0.000000000 0.000758590 -0.002352202 4.839128593 -0.002393376 -0.002409200 9742.237673262 
6.682500000 0.993580731 -0.002252059 0.993580731 0.000000000 0.000721469 -0.002237603 4.840578338 -0.002299227 -0.002314082 9743.698472982 
6.727500000 0.993762925 -0.002228383 0.993762925 0.000000000 0.000713819 -0.002214484 4.842353430 -0.002295656 -0.002310064 9745.485189920 
6.772500000 0.993977342 -0.002294685 0.993977342 0.000000000 0.000734978 -0.002280865 4.844444107 -0.002380566 -0.002394990 9747.587900086 
6.817500000 0.994222773 -0.002448544 0.994222773 0.000000000 0.000784162 -0.002434399 4.846838726 -0.002551448 -0.002566274 9749.994755981 
6.862500000 0.994497842 -0.002687027 0.994497842 0.000000000 0.000860419 -0.002672243 4.849524030 -0.002805409 -0.002820931 9752.692265937 
6.907500000 0.994801046 -0.003006850 0.994801046 0.000000000 0.000962683 -0.002991217 4.852485522 -0.003139205 -0.003155611 9755.665673485 
6.952500000 0.995130751 -0.003404395 0.995130751 0.000000000 0.001089782 -0.003387818 4.855707486 -0.003549266 -0.003566633 9758.898981375 
6.997500000 0.995485212 -0.003875744 0.995485212 0.000000000 0.001240445 -0.003858246 4.859173076 -0.004031733 -0.004050018 9762.375051603 
7.042500000 0.995862578 -0.004416704 0.995862578 0.000000000 0.001413313 -0.004398430 4.862864453 -0.004582489 -0.004601528 9766.075747335 
7.087500000 0.996260913 -0.005022848 0.996260913 0.000000000 0.001606953 -0.005004067 4.866762930 -0.005197194 -0.005216700 9769.982086267 
7.132500000 0.996678212 -0.005689556 0.996678212 0.000000000 0.001819871 -0.005670656 4.870849112 -0.005871317 -0.005890885 9774.074388279 
7.177500000 0.997112412 -0.006412045 0.997112412 0.000000000 0.002050521 -0.006393529 4.875103047 -0.006600175 -0.006619289 9778.332430920 
7.222500000 0.997561411 -0.007185411 0.997561411 0.000000000 0.002297320 -0.007167888 4.879504376 -0.007378965 -0.007397003 9782.735607887 
7.267500000 0.998023085 -0.008004666 0.998023085 0.000000000 0.002558660 -0.007988842 4.884032485 -0.008202798 -0.008219046 9787.263081798 
7.312500000 0.998495301 -0.008864776 0.998495301 0.000000000 0.002832921 -0.008851437 4.888666647 -0.009066738 -0.009080402 9791.893938956 
7.357500000 0.998975933 -0.009760696 0.998975933 0.000000000 0.003118480 -0.009750700 4.893386169 -0.009965834 -0.009976050 9796.607331858 
7.402500000 0.999462877 -0.010687402 0.999462877 0.000000000 0.003413725 -0.010681662 4.898170531 -0.010895153 -0.010901008 9801.382624556 
7.447500000 0.999954065 -0.011639934 0.999954065 0.000000000 0.003717065 -0.011639399 4.902999522 -0.011849813 -0.011850358 9806.199532148 
7.492500000 1.000447477 -0.012613418 1.000447477 0.000000000 0.004026941 -0.012619062 4.907853375 -0.012825018 -0.012819281 9811.038252696 
7.537500000 1.000941157 -0.013603104 1.000941157 0.000000000 0.004341836 -0.013615907 4.912712893 -0.013816083 -0.013803092 9815.879594340 
7.582500000 1.001433220 -0.014604395 1.001433220 0.000000000 0.004660282 -0.014625326 4.917559556 -0.014818468 -0.014797260 9820.705086468 
7.627500000 1.001921869 -0.015612867 1.001921869 0.000000000 0.004980872 -0.015642873 4.922375648 -0.015827802 -0.015797442 9825.497095025 
7.672500000 1.002405401 -0.016624303 1.002405401 0.000000000 0.005302265 -0.016664291 4.927144353 -0.016839913 -0.016799504 9830.238926534 
7.717500000 1.002882220 -0.017634712 1.002882220 0.000000000 0.005623194 -0.017685539 4.931849858 -0.017850845 -0.017799543 9834.914918647 
7.762500000 1.003350841 -0.018640350 1.003350841 0.000000000 0.005942474 -0.018702811 4.936477433 -0.018856886 -0.018793911 9839.510525177 
7.807500000 1.003809903 -0.019637738 1.003809903 0.000000000 0.006259006 -0.019712556 4.941013516 -0.019854584 -0.019779227 9844.012387947 
7.852500000 1.004258172 -0.020623680 1.004258172 0.000000000 0.006571782 -0.020711499 4.945445780 -0.020840766 -0.020752398 9848.408405664 
7.897500000 1.004694548 -0.021595274 1.004694548 0.000000000 0.006879888 -0.021696654 4.949763194 -0.021812551 -0.021710630 9852.687789056 
7.942500000 1.005118069 -0.022549926 1.005118069 0.000000000 0.007182510 -0.022665338 4.953956079 -0.022767367 -0.022651436 9856.841107480 
7.987500000 1.005527915 -0.023485359 1.005527915 0.000000000 0.007478936 -0.023615185 4.958016144 -0.023702957 -0.023572649 9860.860325253 
8.032500000 1.005923412 -0.024399618 1.005923412 0.000000000 0.007768555 -0.024544147 4.961936517 -0.024617386 -0.024472426 9864.738824764 
8.077500000 1.006304031 -0.025291074 1.006304031 0.000000000 0.008050861 -0.025450510 4.965711771 -0.025509053 -0.025349251 9868.471427544 
8.122500000 1.006669393 -0.026158428 1.006669393 0.000000000 0.008325453 -0.026332889 4.969337929 -0.026376687 -0.026201936 9872.054398478 
8.167500000 1.007019262 -0.027000710 1.007019262 0.000000000 0.008592033 -0.027190235 4.972812473 -0.027219349 -0.027029621 9875.485442576 
8.212500000 1.007353550 -0.027817275 1.007353550 0.000000000 0.008850408 -0.028021831 4.976134327 -0.028036434 -0.027831772 9878.763693376 
8.257500000 1.007672313 -0.028607799 1.007672313 0.000000000 0.009100483 -0.028827287 4.979303843 -0.028827661 -0.028608170 9881.889688891 
8.302500000 1.007975745 -0.029372274 1.007975745 0.000000000 0.009342265 -0.029606540 4.982322769 -0.029593070 -0.029358911 9884.865339553 
8.347500000 1.008264176 -0.030110994 1.008264176 0.000000000 0.009575856 -0.030359837 4.985194210 -0.030333012 -0.030084389 9887.693886394 
8.392500000 1.008538069 -0.030824549 1.008538069 0.000000000 0.009801448 -0.031087731 4.987922582 -0.031048136 -0.030785289 9890.379850376 
8.437500000 1.008798007 -0.031513810 1.008798007 0.000000000 0.010019325 -0.031791069 4.990513547 -0.031739379 -0.031462571 9892.928973339 
8.482500000 1.009044694 -0.032179913 1.009044694 0.000000000 0.010229851 -0.032470970 4.992973956 -0.032407948 -0.032117455 9895.348150077 
8.527500000 1.009278943 -0.032824244 1.009278943 0.000000000 0.010433471 -0.033128819 4.995311765 -0.033055306 -0.032751407 9897.645350652 
8.572500000 1.009501668 -0.033448424 1.009501668 0.000000000 0.010630698 -0.033766240 4.997535950 -0.033683148 -0.033366114 9899.829535367 
8.617500000 1.009713874 -0.034054283 1.009713874 0.000000000 0.010822117 -0.034385082 4.999656420 -0.034293388 -0.033963471 9901.910564324 
8.662500000 1.009916648 -0.034643844 1.009916648 0.000000000 0.011008369 -0.034987395 5.001683916 -0.034888131 -0.034545555 9903.899099526 
8.707500000 1.010111149 -0.035219303 1.010111149 0.000000000 0.011190148 -0.035575411 5.003629903 -0.035469654 -0.035114605 9905.806500367 
8.752500000 1.010298595 -0.035783002 1.010298595 0.000000000 0.011368196 -0.036151517 5.005506465 -0.036040382 -0.035673000 9907.644713298 
8.797500000 1.010480251 -0.036337408 1.010480251 0.000000000 0.011543292 -0.036718233 5.007326179 -0.036602861 -0.036223232 9909.426156717 
8.842500000 1.010657422 -0.036885090 1.010657422 0.000000000 0.011716247 -0.037278190 5.009102004 -0.037159738 -0.036767887 9911.163604590 
8.887500000 1.010831432 -0.037428693 1.010831432 0.000000000 0.011887895 -0.037834099 5.010847158 -0.037713731 -0.037309615 9912.870067171 
8.932500000 1.011003622 -0.037970915 1.011003622 0.000000000 0.012059085 -0.038388732 5.012574989 -0.038267607 -0.037851108 9914.558667336 
8.977500000 1.011175327 -0.038514482 1.011175327 0.000000000 0.012230677 -0.038944894 5.014298854 -0.038824156 -0.038395079 9916.242518068 
9.022500000 1.011347871 -0.039062124 1.011347871 0.000000000 0.012403528 -0.039505396 5.016031993 -0.039386165 -0.038944231 9917.934600055 
9.067500000 1.011522553 -0.039616551 1.011522553 0.000000000 0.012578491 -0.040073035 5.017787406 -0.039956394 -0.039501239 9919.647642966 
9.112500000 1.011700633 -0.040180431 1.011700633 0.000000000 0.012756403 -0.040650568 5.019577739 -0.040537555 -0.040068725 9921.394010022 
9.157500000 1.011883322 -0.040756366 1.011883322 0.000000000 0.012938082 -0.041240687 5.021415162 -0.041132285 -0.040649237 9923.185582720 
9.202500000 1.012071773 -0.041346871 1.012071773 0.000000000 0.013124315 -0.041846001 5.023311264 -0.041743128 -0.041245225 9925.033653446 
9.247500000 1.012267066 -0.041954353 1.012267066 0.000000000 0.013315858 -0.042469010 5.025276947 -0.042372512 -0.041859025 9926.948826177 
9.292500000 1.012470204 -0.042581093 1.012470204 0.000000000 0.013513422 -0.043112088 5.027322334 -0.043022732 -0.042492838 9928.940925137 
9.337500000 1.012682099 -0.043229226 1.012682099 0.000000000 0.013717677 -0.043777464 5.029456683 -0.043695931 -0.043148714 9931.018910914 
9.382500000 1.012903571 -0.043900727 1.012903571 0.000000000 0.013929237 -0.044467203 5.031688311 -0.044394082 -0.043828537 9933.190805136 
9.427500000 1.013135335 -0.044597394 1.013135335 0.000000000 0.014148663 -0.045183195 5.034024526 -0.045118976 -0.044534007 9935.463629453 
9.472500000 1.013377999 -0.045320832 1.013377999 0.000000000 0.014376455 -0.045927135 5.036471579 -0.045872210 -0.045266633 9937.843355486 
9.517500000 1.013632062 -0.046072450 1.013632062 0.000000000 0.014613048 -0.046700512 5.039034620 -0.046655172 -0.046027719 9940.334864591 
9.562500000 1.013897908 -0.046853438 1.013897908 0.000000000 0.014858809 -0.047504603 5.041717670 -0.047469033 -0.046818356 9942.941924128 
9.607500000 1.014175807 -0.047664770 1.014175807 0.000000000 0.015114039 -0.048340457 5.044523611 -0.048314741 -0.047639414 9945.667176463 
9.652500000 1.014465912 -0.048507192 1.014465912 0.000000000 0.015378963 -0.049208893 5.047454181 -0.049193013 -0.048491539 9948.512137823 
9.697500000 1.014768266 -0.049381215 1.014768266 0.000000000 0.015653736 -0.050110490 5.050509987 -0.050104332 -0.049375147 9951.477214920 
9.742500000 1.015082799 -0.050287116 1.015082799 0.000000000 0.015938434 -0.051045587 5.053690532 -0.051048941 -0.050290421 9954.561733987 
9.787500000 1.015409338 -0.051224936 1.015409338 0.000000000 0.016233064 -0.052014279 5.056994257 -0.052026849 -0.051237315 9957.763981683 
9.832500000 1.015747606 -0.052194477 1.015747606 0.000000000 0.016537555 -0.053016415 5.060418591 -0.053037822 -0.052215552 9961.081258879 
9.877500000 1.016097235 -0.053195306 1.016097235 0.000000000 0.016851763 -0.054051603 5.063960011 -0.054081395 -0.053224626 9964.509945096 
9.922500000 1.016457769 -0.054226758 1.016457769 0.000000000 0.017175470 -0.055119210 5.067614121 -0.055156871 -0.054263810 9968.045576095 
9.967500000 1.016828675 -0.055287942 1.016828675 0.000000000 0.017508389 -0.056218365 5.071375737 -0.056263325 -0.055332158 9971.682928276 
10.012500000 1.017209354 -0.056377745 1.017209354 0.000000000 0.017850163 -0.057347970 5.075238973 -0.057399615 -0.056428516 9975.416111062 
10.057500000 1.017599146 -0.057494843 1.017599146 0.000000000 0.018200369 -0.058506703 5.079197345 -0.058564386 -0.057551528 9979.238667581 
10.102500000 1.017997347 -0.058637708 1.017997347 0.000000000 0.018558519 -0.059693031 5.083243876 -0.059756083 -0.058699645 9983.143678381 
10.147500000 1.018403213 -0.059804621 1.018403213 0.000000000 0.018924069 -0.060905219 5.087371199 -0.060972963 -0.059871141 9987.123867726 
10.192500000 1.018815978 -0.060993684 1.018815978 0.000000000 0.019296416 -0.062141340 5.091571666 -0.062213100 -0.061064119 9991.171711205 
10.237500000 1.019234860 -0.062202831 1.019234860 0.000000000 0.019674907 -0.063399294 5.095837457 -0.063474409 -0.062276529 9995.279542364 
10.282500000 1.019659074 -0.063429848 1.019659074 0.000000000 0.020058841 -0.064676820 5.100160686 -0.064754652 -0.063506179 9999.439656581 
10.327500000 1.020087839 -0.064672383 1.020087839 0.000000000 0.020447477 -0.065971511 5.104533500 -0.066051458 -0.064750755 10003.644409318 
10.372500000 1.020520392 -0.065927968 1.020520392 0.000000000 0.020840038 -0.067280836 5.108948170 -0.067362339 -0.066007833 10007.886306873 
10.417500000 1.020955993 -0.067194038 1.020955993 0.000000000 0.021235715 -0.068602156 5.113397181 -0.068684708 -0.067274896 10012.158088536 
10.462500000 1.021393931 -0.068467946 1.021393931 0.000000000 0.021633676 -0.069932744 5.117873301 -0.070015897 -0.068549357 10016.452798181 
10.507500000 1.021833536 -0.069746985 1.021833536 0.000000000 0.022033071 -0.071269809 5.122369648 -0.071353178 -0.069828574 10020.763844547 
10.552500000 1.022274176 -0.071028413 1.022274176 0.000000000 0.022433037 -0.072610512 5.126879739 -0.072693781 -0.071109868 10025.085049015 
10.597500000 1.022715267 -0.072309468 1.022715267 0.000000000 0.022832710 -0.073951997 5.131397526 -0.074034917 -0.072390547 10029.410677434 
10.642500000 1.023156272 -0.073587395 1.023156272 0.000000000 0.023231225 -0.075291405 5.135917415 -0.075373798 -0.073667924 10033.735458522 
10.687500000 1.023596701 -0.074859467 1.023596701 0.000000000 0.023627728 -0.076625903 5.140434278 -0.076707658 -0.074939337 10038.054589914 
10.732500000 1.024036111 -0.076123006 1.024036111 0.000000000 0.024021380 -0.077952707 5.144943444 -0.078033776 -0.076202172 10042.363727034 
10.777500000 1.024474102 -0.077375409 1.024474102 0.000000000 0.024411369 -0.079269103 5.149440670 -0.079349496 -0.077453882 10046.658953873 
10.822500000 1.024910316 -0.078614166 1.024910316 0.000000000 0.024796909 -0.080572470 5.153922110 -0.080652251 -0.078692008 10050.936748064 
10.867500000 1.025344428 -0.079836884 1.025344428 0.000000000 0.025177254 -0.081860305 5.158384270 -0.081939579 -0.079914200 10055.193932868 
10.912500000 1.025776143 -0.081041308 1.025776143 0.000000000 0.025551700 -0.083130240 5.162823940 -0.083209147 -0.081118232 10059.427612389 
10.957500000 1.026205187 -0.082225338 1.026205187 0.000000000 0.025919596 -0.084380068 5.167238129 -0.084458769 -0.082302029 10063.635101275 
11.002500000 1.026631301 -0.083387050 1.026631301 0.000000000 0.026280342 -0.085607755 5.171623987 -0.085686423 -0.083463677 10067.813846507 
11.047500000 1.027054228 -0.084524711 1.027054228 0.000000000 0.026633404 -0.086811462 5.175978718 -0.086890267 -0.084601440 10071.961344934 
11.092500000 1.027473710 -0.085636795 1.027473710 0.000000000 0.026978308 -0.087989556 5.180299503 -0.088068655 -0.085713780 10076.075060496 
11.137500000 1.027889477 -0.086721995 1.027889477 0.000000000 0.027314655 -0.089140626 5.184583408 -0.089220150 -0.086799362 10080.152335985 
11.182500000 1.028301235 -0.087779232 1.028301235 0.000000000 0.027642114 -0.090263493 5.188827297 -0.090343534 -0.087857071 10084.190308555 
11.227500000 1.028708665 -0.088807667 1.028708665 0.000000000 0.027960435 -0.091357216 5.193027756 -0.091437816 -0.088886017 10088.185829443 
11.272500000 1.029111409 -0.089806699 1.029111409 0.000000000 0.028269439 -0.092421098 5.197181014 -0.092502236 -0.089885542 10092.135394366 
11.317500000 1.029509066 -0.090775974 1.029509066 0.000000000 0.028569030 -0.093454688 5.201282890 -0.093536276 -0.090855223 10096.035082518 
11.362500000 1.029901190 -0.091715382 1.029901190 0.000000000 0.028859185 -0.094457781 5.205328727 -0.094539650 -0.091794874 10099.880501410 
11.407500000 1.030287279 -0.092625052 1.030287279 0.000000000 0.029139961 -0.095430413 5.209313361 -0.095512309 -0.092704541 10103.666749182 
11.452500000 1.030666781 -0.093505347 1.030666781 0.000000000 0.029411486 -0.096372855 5.213231092 -0.096454437 -0.093584502 10107.388391719 
11.497500000 1.031039086 -0.094356853 1.031039086 0.000000000 0.029673963 -0.097285603 5.217075678 -0.097366438 -0.094435254 10111.039455471 
11.542500000 1.031403531 -0.095180366 1.031403531 0.000000000 0.029927658 -0.098169366 5.220840345 -0.098248928 -0.095257506 10114.613439323 
11.587500000 1.031759402 -0.095976880 1.031759402 0.000000000 0.030172901 -0.099025048 5.224517816 -0.099102724 -0.096052165 10118.103343036 
11.632500000 1.032105940 -0.096747566 1.032105940 0.000000000 0.030410080 -0.099853737 5.228100358 -0.099928828 -0.096820321 10121.501711873 
11.677500000 1.032442343 -0.097493750 1.032442343 0.000000000 0.030639631 -0.100656676 5.231579847 -0.100728408 -0.097563228 10124.800705609 
11.722500000 1.032767784 -0.098216898 1.032767784 0.000000000 0.030862033 -0.101435248 5.234947859 -0.101502778 -0.098282285 10127.992184847 
11.767500000 1.033081410 -0.098918585 1.033081410 0.000000000 0.031077801 -0.102190952 5.238195768 -0.102253379 -0.098979014 10131.067805912 
11.812500000 1.033382360 -0.099600478 1.033382360 0.000000000 0.031287479 -0.102925377 5.241314849 -0.102981757 -0.099655037 10134.019124082 
11.857500000 1.033669777 -0.100264302 1.033669777 0.000000000 0.031491626 -0.103640179 5.244296407 -0.103689536 -0.100312052 10136.837719366 
11.902500000 1.033942819 -0.100911815 1.033942819 0.000000000 0.031690816 -0.104337047 5.247131932 -0.104378396 -0.100951807 10139.515349859 
11.947500000 1.034200681 -0.101544784 1.034200681 0.000000000 0.031885620 -0.105017685 5.249813267 -0.105050047 -0.101576076 10142.044107945 
11.992500000 1.034442603 -0.102164963 1.034442603 0.000000000 0.032076609 -0.105683791 5.252332735 -0.105706208 -0.102186634 10144.416551731 
12.037500000 1.034667888 -0.102774065 1.034667888 0.000000000 0.032264335 -0.106337025 5.254683290 -0.106348579 -0.102785232 10146.625848240 
12.082500000 1.034875920 -0.103373734 1.034875920 0.000000000 0.032449329 -0.106978988 5.256858688 -0.106978821 -0.103373573 10148.665939029 
12.127500000 1.035066174 -0.103965529 1.035066174 0.000000000 0.032632096 -0.107611203 5.258853642 -0.107598533 -0.103953289 10150.531692959 
12.172500000 1.035238236 -0.104550903 1.035238236 0.000000000 0.032813103 -0.108235092 5.260663970 -0.108209234 -0.104525925 10152.219046025 
12.217500000 1.035391814 -0.105131184 1.035391814 0.000000000 0.032992776 -0.108851967 5.262286725 -0.108812345 -0.105092916 10153.725131626 
12.262500000 1.035526750 -0.105707564 1.035526750 0.000000000 0.033171497 -0.109463010 5.263720324 -0.109409173 -0.105655574 10155.048400235 
12.307500000 1.035643030 -0.106281087 1.035643030 0.000000000 0.033349598 -0.110069267 5.264964649 -0.110000899 -0.106215072 10156.188722537 
12.352500000 1.035740796 -0.106852638 1.035740796 0.000000000 0.033527361 -0.110671637 5.266021139 -0.110588572 -0.106772440 10157.147474995 
12.397500000 1.035820347 -0.107422944 1.035820347 0.000000000 0.033705013 -0.111270871 5.266892858 -0.111173096 -0.107328550 10157.927607208 
12.442500000 1.035882150 -0.107992567 1.035882150 0.000000000 0.033882727 -0.111867572 5.267584544 -0.111755235 -0.107884120 10158.533687174 
12.487500000 1.035926838 -0.108561908 1.035926838 0.000000000 0.034060623 -0.112462194 5.268102629 -0.112335606 -0.108439710 10158.971925087 
12.532500000 1.035955212 -0.109131214 1.035955212 0.000000000 0.034238770 -0.113055050 5.268455245 -0.112914687 -0.108995723 10159.250174991 
12.577500000 1.035968237 -0.109700587 1.035968237 0.000000000 0.034417189 -0.113646324 5.268652197 -0.113492824 -0.109552416 10159.377912016 
12.622500000 1.035967042 -0.110269991 1.035967042 0.000000000 0.034595852 -0.114236077 5.268704919 -0.114070234 -0.110109906 10159.366187552 
12.667500000 1.035952906 -0.110839272 1.035952906 0.000000000 0.034774694 -0.114824266 5.268626403 -0.114647025 -0.110668182 10159.227564396 
12.712500000 1.035927257 -0.111408168 1.035927257 0.000000000 0.034953612 -0.115410758 5.268431116 -0.115223205 -0.111227120 10158.976030671 
12.757500000 1.035891655 -0.111976335 1.035891655 0.000000000 0.035132475 -0.115995351 5.268134884 -0.115798701 -0.111786499 10158.626894320 
12.802500000 1.035847783 -0.112543359 1.035847783 0.000000000 0.035311126 -0.116577789 5.267754770 -0.116373376 -0.112346020 10158.196661171 
12.847500000 1.035797433 -0.113108785 1.035797433 0.000000000 0.035489394 -0.117157789 5.267308933 -0.116947049 -0.112905328 10157.702898277 
12.892500000 1.035742490 -0.113672131 1.035742490 0.000000000 0.035667097 -0.117735056 5.266816473 -0.117519514 -0.113464027 10157.164084780 
12.937500000 1.035684913 -0.114232916 1.035684913 0.000000000 0.035844052 -0.118309307 5.266297269 -0.118090561 -0.114021706 10156.599452776 
12.982500000 1.035626725 -0.114790679 1.035626725 0.000000000 0.036020079 -0.118880295 5.265771806 -0.118659999 -0.114577961 10156.028820573 
13.027500000 1.035569988 -0.115345000 1.035569988 0.000000000 0.036195011 -0.119447820 5.265261000 -0.119227670 -0.115132411 10155.472420746 
13.072500000 1.035516790 -0.115895522 1.035516790 0.000000000 0.036368697 -0.120011759 5.264786020 -0.119793474 -0.115684724 10154.950725582 
13.117500000 1.035469225 -0.116441967 1.035469225 0.000000000 0.036541014 -0.120572074 5.264368108 -0.120357382 -0.116234630 10154.484272505 
13.162500000 1.035429376 -0.116984153 1.035429376 0.000000000 0.036711866 -0.121128828 5.264028404 -0.120919454 -0.116781943 10154.093491408 
13.207500000 1.035399299 -0.117522007 1.035399299 0.000000000 0.036881190 -0.121682203 5.263787776 -0.121479849 -0.117326571 10153.798535614 
13.252500000 1.035381004 -0.118055579 1.035381004 0.000000000 0.037048965 -0.122232504 5.263666647 -0.122038840 -0.117868533 10153.619118396 
13.297500000 1.035376439 -0.118585049 1.035376439 0.000000000 0.037215209 -0.122780165 5.263684847 -0.122596816 -0.118407964 10153.574356666 
13.342500000 1.035387479 -0.119110730 1.035387479 0.000000000 0.037379983 -0.123325759 5.263861452 -0.123154294 -0.118945125 10153.682622876 
13.387500000 1.035415907 -0.119633075 1.035415907 0.000000000 0.037543392 -0.123869989 5.264214652 -0.123711911 -0.119480404 10153.961406045 
13.432500000 1.035463403 -0.120152669 1.035463403 0.000000000 0.037705587 -0.124413692 5.264761612 -0.124270432 -0.120014316 10154.427182612 
13.477500000 1.035531532 -0.120670230 1.035531532 0.000000000 0.037866759 -0.124957828 5.265518359 -0.124830733 -0.120547496 10155.095297597 
13.522500000 1.035621732 -0.121186596 1.035621732 0.000000000 0.038027141 -0.125503472 5.266499665 -0.125393803 -0.121080699 10155.979856279 
13.567500000 1.035735305 -0.121702714 1.035735305 0.000000000 0.038186999 -0.126051797 5.267718952 -0.125960722 -0.121614781 10157.093626132 
13.612500000 1.035873407 -0.122219626 1.035873407 0.000000000 0.038346636 -0.126604061 5.269188196 -0.126532649 -0.122150688 10158.447948526 
13.657500000 1.036037042 -0.122738449 1.036037042 0.000000000 0.038506376 -0.127161580 5.270917849 -0.127110801 -0.122689437 10160.052659882 
13.702500000 1.036227052 -0.123260352 1.036227052 0.000000000 0.038666566 -0.127725711 5.272916763 -0.127696429 -0.123232094 10161.916022163 
13.747500000 1.036444113 -0.123786532 1.036444113 0.000000000 0.038827561 -0.128297822 5.275192126 -0.128290794 -0.123779751 10164.044661960 
13.792500000 1.036688728 -0.124318188 1.036688728 0.000000000 0.038989722 -0.128879264 5.277749402 -0.128895137 -0.124333499 10166.443516746 
13.837500000 1.036961224 -0.124856488 1.036961224 0.000000000 0.039153403 -0.129471337 5.280592278 -0.129510645 -0.124894396 10169.115787321 
13.882500000 1.037261745 -0.125402543 1.037261745 0.000000000 0.039318942 -0.130075261 5.283722614 -0.130138424 -0.125463437 10172.062896069 
13.927500000 1.037590253 -0.125957369 1.037590253 0.000000000 0.039486651 -0.130692138 5.287140398 -0.130779456 -0.126041523 10175.284450622 
13.972500000 1.037946517 -0.126521854 1.037946517 0.000000000 0.039656805 -0.131322918 5.290843708 -0.131434568 -0.126629423 10178.778212186 
14.017500000 1.038330120 -0.127096725 1.038330120 0.000000000 0.039829632 -0.131968358 5.294828669 -0.132104395 -0.127227740 10182.540067266 
14.062500000 1.038740447 -0.127682514 1.038740447 0.000000000 0.040005303 -0.132628992 5.299089420 -0.132789337 -0.127836879 10186.564001463 
14.107500000 1.039176689 -0.128279521 1.039176689 0.000000000 0.040183919 -0.133305088 5.303618076 -0.133489526 -0.128457006 10190.842075481 
14.152500000 1.039637838 -0.128887782 1.039637838 0.000000000 0.040365504 -0.133996615 5.308404697 -0.134204790 -0.129088020 10195.364404441 
14.197500000 1.040122686 -0.129507039 1.040122686 0.000000000 0.040549990 -0.134703209 5.313437253 -0.134934614 -0.129729518 10200.119139869 
14.242500000 1.040629823 -0.130136708 1.040629823 0.000000000 0.040737216 -0.135424139 5.318701599 -0.135678109 -0.130380761 10205.092452980 
14.287500000 1.041157635 -0.130775851 1.041157635 0.000000000 0.040926912 -0.136158276 5.324181444 -0.136433978 -0.131040655 10210.268520365 
14.332500000 1.041704304 -0.131423156 1.041704304 0.000000000 0.041118695 -0.136904068 5.329858328 -0.137200495 -0.131707716 10215.629513345 
14.377500000 1.042267807 -0.132076915 1.042267807 0.000000000 0.041312066 -0.137659516 5.335711605 -0.137975473 -0.132380058 10221.155591463 
14.422500000 1.042845916 -0.132735004 1.042845916 0.000000000 0.041506399 -0.138422157 5.341718425 -0.138756250 -0.133055371 10226.824901117 
14.467500000 1.043436197 -0.133394879 1.043436197 0.000000000 0.041700943 -0.139189046 5.347853733 -0.139539674 -0.133730912 10232.613580721 
14.512500000 1.044036014 -0.134053567 1.044036014 0.000000000 0.041894817 -0.139956752 5.354090275 -0.140322094 -0.134403500 10238.495774142 
14.557500000 1.044642529 -0.134707665 1.044642529 0.000000000 0.042087014 -0.140721356 5.360398606 -0.141099360 -0.135069516 10244.443654554 
14.602500000 1.045252707 -0.135353348 1.045252707 0.000000000 0.042276402 -0.141478454 5.366747134 -0.141866830 -0.135724910 10250.427461150 
14.647500000 1.045863322 -0.135986386 1.045863322 0.000000000 0.042461724 -0.142223173 5.373102162 -0.142619381 -0.136365219 10256.415551227 
14.692500000 1.046470963 -0.136602158 1.046470963 0.000000000 0.042641614 -0.142950192 5.379427963 -0.143351436 -0.136985584 10262.374470245 
14.737500000 1.047072042 -0.137195688 1.047072042 0.000000000 0.042814595 -0.143653769 5.385686875 -0.144056995 -0.137580787 10268.269042861 
14.782500000 1.047662809 -0.137761679 1.047662809 0.000000000 0.042979101 -0.144327788 5.391839432 -0.144729680 -0.138145287 10274.062488770 
14.827500000 1.048239365 -0.138294558 1.048239365 0.000000000 0.043133482 -0.144965800 5.397844515 -0.145362783 -0.138673272 10279.716567529 
14.872500000 1.048797679 -0.138788531 1.048797679 0.000000000 0.043276027 -0.145561089 5.403659558 -0.145949336 -0.139158713 10285.191755944 
14.917500000 1.049333612 -0.139237646 1.049333612 0.000000000 0.043404978 -0.146106742 5.409240780 -0.146482184 -0.139595437 10290.447461296 
14.962500000 1.049842941 -0.139635866 1.049842941 0.000000000 0.043518556 -0.146595728 5.414543472 -0.146954074 -0.139977199 10295.442274637 
15.007500000 1.050321391 -0.139977150 1.050321391 0.000000000 0.043614982 -0.147020994 5.419522332 -0.147357754 -0.140297774 10300.134269095 
15.052500000 1.050764670 -0.140255541 1.050764670 0.000000000 0.043692506 -0.147375567 5.424131855 -0.147686083 -0.140551055 10304.481347599 
15.097500000 1.051168507 -0.140465268 1.051168507 0.000000000 0.043749435 -0.147652666 5.428326781 -0.147932157 -0.140731154 10308.441643756 
15.142500000 1.051528705 -0.140600853 1.051528705 0.000000000 0.043784163 -0.147845833 5.432062610 -0.148089440 -0.140832523 10311.973979127 
15.187500000 1.051841187 -0.140657223 1.051841187 0.000000000 0.043795210 -0.147949061 5.435296175 -0.148151913 -0.140850078 10315.038379738 
15.232500000 1.052102059 -0.140629839 1.052102059 0.000000000 0.043781255 -0.147956943 5.437986286 -0.148114224 -0.140779331 10317.596654648 
15.277500000 1.052307673 -0.140514817 1.052307673 0.000000000 0.043741172 -0.147864820 5.440094440 -0.147971852 -0.140616529 10319.613038842 
15.322500000 1.052454702 -0.140309070 1.052454702 0.000000000 0.043674074 -0.147668941 5.441585601 -0.147721279 -0.140358800 10321.054900511 
15.367500000 1.052540216 -0.140010443 1.052540216 0.000000000 0.043579350 -0.147366622 5.442429043 -0.147360161 -0.140004304 10321.893509738 
15.412500000 1.052561768 -0.139617853 1.052561768 0.000000000 0.043456708 -0.146956414 5.442599247 -0.146887499 -0.139552379 10322.104863498 
15.457500000 1.052517482 -0.139131428 1.052517482 0.000000000 0.043306217 -0.146438260 5.442076849 -0.146303820 -0.139003696 10321.670560009 
15.502500000 1.052406144 -0.138552648 1.052406144 0.000000000 0.043128346 -0.145813658 5.440849625 -0.145611334 -0.138360399 10320.578711808 
15.547500000 1.052227303 -0.137884474 1.052227303 0.000000000 0.042924006 -0.145085808 5.438913489 -0.144814097 -0.137626249 10318.824881546 
15.592500000 1.051981362 -0.137131467 1.051981362 0.000000000 0.042694582 -0.144259748 5.436273491 -0.143918143 -0.136806743 10316.413019128 
15.637500000 1.051669670 -0.136299898 1.051669670 0.000000000 0.042441969 -0.143342469 5.432944777 -0.142931603 -0.135909219 10313.356373455 
15.682500000 1.051294616 -0.135397829 1.051294616 0.000000000 0.042168596 -0.142343009 5.428953483 -0.141864787 -0.134942940 10309.678346883 
15.727500000 1.050859698 -0.134435174 1.050859698 0.000000000 0.041877448 -0.141272506 5.424337516 -0.140730230 -0.133919142 10305.413256005 
15.772500000 1.050369592 -0.133423721 1.050369592 0.000000000 0.041572069 -0.140144219 5.419147190 -0.139542693 -0.132851040 10300.606958626 
15.817500000 1.049830197 -0.132377115 1.049830197 0.000000000 0.041256563 -0.138973492 5.413445669 -0.138319104 -0.131753787 10295.317304357 
15.862500000 1.049248660 -0.131310783 1.049248660 0.000000000 0.040935570 -0.137777663 5.407309166 -0.137078441 -0.130644381 10289.614367221 
15.907500000 1.048633369 -0.130241807 1.048633369 0.000000000 0.040614231 -0.136575905 5.400826871 -0.135841535 -0.129541496 10283.580424588 
15.952500000 1.047993928 -0.129188715 1.047993928 0.000000000 0.040298127 -0.135388989 5.394100580 -0.134630802 -0.128465250 10277.309657111 
15.997500000 1.047341096 -0.128171199 1.047341096 0.000000000 0.039993189 -0.134238964 5.387244008 -0.133469886 -0.127436884 10270.907558092 
16.042500000 1.046686693 -0.127209745 1.046686693 0.000000000 0.039705594 -0.133148747 5.380381793 -0.132383221 -0.126478364 10264.490058141 
16.087500000 1.046043490 -0.126325176 1.046043490 0.000000000 0.039441616 -0.132141628 5.373648222 -0.131395507 -0.125611897 10258.182390517 
16.132500000 1.045425067 -0.125538106 1.045425067 0.000000000 0.039207466 -0.131240683 5.367185716 -0.130531109 -0.124859364 10252.117736980 
16.177500000 1.044845660 -0.124868325 1.044845660 0.000000000 0.039009095 -0.130468127 5.361143116 -0.129813397 -0.124241696 10246.435690627 
16.222500000 1.044319980 -0.124334144 1.044319980 0.000000000 0.038851991 -0.129844631 5.355673772 -0.129264040 -0.123778193 10241.280535854 
16.267500000 1.043863017 -0.123951751 1.043863017 0.000000000 0.038740977 -0.129388649 5.350933367 -0.128902292 -0.123485830 10236.799260226 
16.312500000 1.043489781 -0.123734632 1.043489781 0.000000000 0.038680033 -0.129115824 5.347077243 -0.128744299 -0.123378591 10233.139062976 
16.357500000 1.043214951 -0.123693178 1.043214951 0.000000000 0.038672167 -0.129038573 5.344256785 -0.128802475 -0.123466861 10230.443897946 
16.402500000 1.043052346 -0.123834567 1.043052346 0.000000000 0.038719389 -0.129165936 5.342614097 -0.129084994 -0.123756966 10228.849291752 
16.447500000 1.043014114 -0.124163035 1.043014114 0.000000000 0.038822803 -0.129503798 5.342273890 -0.129595437 -0.124250894 10228.474361507 
16.492500000 1.043109497 -0.124680626 1.043109497 0.000000000 0.038982859 -0.130055545 5.343331232 -0.130332633 -0.124946262 10229.409748079 
16.537500000 1.043343070 -0.125388382 1.043343070 0.000000000 0.039199758 -0.130823099 5.345833934 -0.131290712 -0.125836569 10231.700317271 
16.582500000 1.043712413 -0.126287782 1.043712413 0.000000000 0.039473949 -0.131808126 5.349759100 -0.132459348 -0.126911730 10235.322333966 
16.627500000 1.044205402 -0.127381930 1.044205402 0.000000000 0.039806548 -0.133012899 5.354985484 -0.133824160 -0.128158847 10240.156903325 
16.672500000 1.044797703 -0.128675570 1.044797703 0.000000000 0.040199408 -0.134439940 5.361267208 -0.135367220 -0.129563091 10245.965398288 
16.717500000 1.045451672 -0.130172624 1.045451672 0.000000000 0.040654380 -0.136089188 5.368220670 -0.137067617 -0.131108516 10252.378643286 
16.762500000 1.046118580 -0.131869828 1.046118580 0.000000000 0.041171306 -0.137951477 5.375344166 -0.138902092 -0.132778534 10258.918769855 
16.807500000 1.046746542 -0.133745882 1.046746542 0.000000000 0.041744505 -0.139998040 5.382095184 -0.140845756 -0.134555740 10265.076973860 
16.852500000 1.047295878 -0.135747999 1.047295878 0.000000000 0.042358288 -0.142168319 5.388045617 -0.142872913 -0.136420773 10270.464119902 
16.897500000 1.047760971 -0.137781657 1.047760971 0.000000000 0.042983320 -0.144362243 5.393109474 -0.144957837 -0.138350102 10275.025125201 
16.942500000 1.048192775 -0.139713254 1.048192775 0.000000000 0.043576936 -0.146446424 5.397785286 -0.147075255 -0.140313174 10279.259673575 
16.987500000 1.048710230 -0.141396006 1.048710230 0.000000000 0.044090909 -0.148283438 5.403287994 -0.149199917 -0.142269917 10284.334172856 
17.032500000 1.047393349 -0.143269283 1.049393349 0.002000000 0.044703121 -0.150059295 5.410496650 -0.151299284 -0.144453164 10271.419984842 
17.077500000 1.039010453 -0.146769900 1.050010453 0.011000000 0.045979760 -0.152495460 5.416677912 -0.153335488 -0.147578388 10189.211857734 
17.122500000 1.030399847 -0.150166566 1.050399847 0.020000000 0.047240014 -0.154731607 5.419728074 -0.155308101 -0.150726052 10104.770657802 
17.167500000 1.021614890 -0.153512852 1.050614890 0.028999999 0.048499895 -0.156831016 5.420189018 -0.157201627 -0.153875622 10018.619665675 
17.212500000 1.012677581 -0.156826812 1.050677580 0.038000000 0.049765042 -0.158814996 5.418284848 -0.159009327 -0.157018710 9930.974597514 
17.257500000 1.003600145 -0.160115446 1.050600145 0.047000000 0.051037869 -0.160691884 5.414140814 -0.160732320 -0.160155736 9841.955361895 
17.302500000 0.994393559 -0.163385541 1.050393559 0.056000000 0.052320771 -0.162469530 5.407870585 -0.162378377 -0.163293875 9751.669593440 
17.347500000 0.985070143 -0.166647823 1.050070141 0.064999998 0.053617397 -0.164159795 5.399602846 -0.163960561 -0.166445570 9660.238119778 
17.392500000 0.975643629 -0.169917868 1.049643630 0.074000001 0.054932973 -0.165779285 5.389481994 -0.165495771 -0.169627275 9567.795597914 
17.437500000 0.966128383 -0.173215500 1.049128382 0.082999998 0.056274156 -0.167348411 5.377659669 -0.167003296 -0.172858286 9474.482909531 
17.482500000 0.956538404 -0.176563610 1.048538406 0.092000002 0.057648718 -0.168889874 5.364284649 -0.168503493 -0.176159674 9380.437342163 
17.527500000 0.946886578 -0.179986798 1.047886577 0.100999999 0.059065153 -0.170427083 5.349494470 -0.170016621 -0.179553312 9285.785263659 
17.572500000 0.937184093 -0.183510128 1.047184096 0.110000002 0.060532310 -0.171982773 5.333409614 -0.171561890 -0.183061035 9190.636388116 
17.617500000 0.927440201 -0.187158041 1.046440207 0.119000006 0.062059060 -0.173577891 5.316130459 -0.173156715 -0.186703914 9095.081447219 
17.662500000 0.917662144 -0.190953494 1.045662141 0.127999997 0.063654024 -0.175230793 5.297736459 -0.174816170 -0.190501669 8999.191466837 
17.707500000 0.907855212 -0.194917327 1.044855212 0.137000000 0.065325360 -0.176956711 5.278286953 -0.176552614 -0.194472215 8903.018312234 
17.752500000 0.898023022 -0.199067769 1.044023026 0.146000004 0.067080590 -0.178767440 5.257823335 -0.178375478 -0.198631297 8806.597468056 
17.797500000 0.888167770 -0.203420144 1.043167765 0.154999995 0.068926482 -0.180671216 5.236371862 -0.180291167 -0.202992242 8709.950460859 
17.842500000 0.878290506 -0.207986704 1.042290504 0.163999999 0.070868973 -0.182672747 5.213946796 -0.182303072 -0.207565801 8613.087587844 
17.887500000 0.868391533 -0.212776517 1.041391535 0.173000002 0.072913101 -0.184773326 5.190553856 -0.184411654 -0.212360032 8516.011831680 
17.932500000 0.858470684 -0.217795482 1.040470689 0.182000005 0.075062979 -0.186971036 5.166193436 -0.186614585 -0.217380265 8418.721532434 
17.977500000 0.848527637 -0.223046362 1.039527634 0.190999997 0.077321774 -0.189261003 5.140863715 -0.188906939 -0.222629094 8321.213551536 
18.022500000 0.838562141 -0.228528899 1.038562141 0.200000000 0.079691713 -0.191635683 5.114563307 -0.191281401 -0.228106412 8223.485421255 
18.067500000 0.828574333 -0.234239876 1.037574324 0.208999991 0.082174062 -0.194085149 5.087293829 -0.193728502 -0.233809442 8125.538479032 
18.112500000 0.818564822 -0.240173304 1.036564829 0.218000007 0.084769155 -0.196597418 5.059061667 -0.196236859 -0.239732827 8027.378712240 
18.157500000 0.808534997 -0.246320471 1.035534995 0.226999998 0.087476371 -0.199158722 5.029879873 -0.198793412 -0.245868655 7929.019730442 
18.202500000 0.798486983 -0.252670163 1.034486972 0.235999990 0.090294168 -0.201753836 4.999768992 -0.201383672 -0.252206581 7830.482370097 
18.247500000 0.788423784 -0.259208749 1.033423789 0.245000005 0.093220078 -0.204366343 4.968757897 -0.203991946 -0.258733882 7731.796101791 
18.292500000 0.778349406 -0.265920257 1.032349402 0.253999996 0.096250675 -0.206978874 4.936884394 -0.206601563 -0.265435499 7633.000197840 
18.337500000 0.768268686 -0.272786591 1.031268697 0.263000011 0.099381630 -0.209573396 4.904194797 -0.209195084 -0.272294170 7534.142105142 
18.382500000 0.758187466 -0.279787510 1.030187469 0.272000003 0.102607637 -0.212131383 4.870744124 -0.211754505 -0.279290432 7435.279116312 
18.427500000 0.748112375 -0.286900835 1.029112370 0.280999994 0.105922459 -0.214634065 4.836595118 -0.214261441 -0.286402749 7336.476224709 
18.472500000 0.738050818 -0.294102502 1.028050828 0.290000010 0.109318899 -0.217062592 4.801817579 -0.216697308 -0.293607571 7237.806054284 
18.517500000 0.728010968 -0.301366590 1.027010969 0.299000001 0.112788756 -0.219398183 4.766487711 -0.219043480 -0.300879368 7139.348757021 
18.562500000 0.718001514 -0.308665526 1.026001507 0.307999992 0.116322870 -0.221622315 4.730686636 -0.221281453 -0.308190789 7041.189550480 
18.607500000 0.708031616 -0.315970129 1.025031623 0.317000008 0.119911094 -0.223716841 4.694499375 -0.223392989 -0.315512732 6943.418244251 
18.652500000 0.698110860 -0.323249656 1.024110859 0.325999999 0.123542258 -0.225664095 4.658013997 -0.225360247 -0.322814413 6846.128866395 
18.697500000 0.688248996 -0.330472042 1.023248987 0.334999990 0.127204241 -0.227447051 4.621319983 -0.227165922 -0.330063572 6749.417020065 
18.742500000 0.678455877 -0.337603976 1.022455883 0.344000006 0.130883955 -0.229049402 4.584507220 -0.228793361 -0.337226589 6653.379327991 
18.787500000 0.668741423 -0.344610984 1.021741420 0.352999997 0.134567339 -0.230455640 4.547665254 -0.230226674 -0.344268601 6558.113073326 
18.832500000 0.659115358 -0.351457732 1.021115346 0.361999989 0.138239466 -0.231651189 4.510881770 -0.231450847 -0.351153776 6463.713622509 
18.877500000 0.649587168 -0.358108151 1.020587172 0.371000004 0.141884564 -0.232622460 4.474241810 -0.232451834 -0.357845484 6370.274001626 
18.922500000 0.640166084 -0.364525566 1.020166080 0.379999995 0.145486041 -0.233356904 4.437827316 -0.233216644 -0.364306466 6277.884732427 
18.967500000 0.630860813 -0.370673094 1.019860824 0.389000010 0.149026654 -0.233843130 4.401715723 -0.233733419 -0.370499189 6186.631194960 
19.012500000 0.621679653 -0.376513671 1.019679655 0.398000002 0.152488498 -0.234070888 4.365980080 -0.233991497 -0.376385966 6096.594769131 
19.057500000 0.612630223 -0.382010513 1.019630240 0.407000017 0.155853216 -0.234031186 4.330687771 -0.233981467 -0.381929357 6007.850172023 
19.102500000 0.603719627 -0.387127114 1.019719612 0.415999985 0.159101987 -0.233716237 4.295901024 -0.233695199 -0.387092266 5920.467083947 
19.147500000 0.594954101 -0.391827844 1.019954101 0.425000000 0.162215827 -0.233119583 4.261675314 -0.233125887 -0.391838441 5834.506634987 
19.192500000 0.586339287 -0.396077822 1.020339302 0.434000015 0.165175523 -0.232235988 4.228060454 -0.232268036 -0.396132480 5750.024164108 
19.237500000 0.577880077 -0.399843314 1.020880060 0.442999983 0.167961846 -0.231061485 4.195100094 -0.231117465 -0.399940186 5667.067658626 
19.282500000 0.569580424 -0.403092162 1.021580422 0.451999998 0.170555798 -0.229593404 4.162830777 -0.229671306 -0.403228932 5585.675863943 
19.327500000 0.561443628 -0.405793608 1.022443641 0.461000013 0.172938539 -0.227830236 4.131283320 -0.227927938 -0.405967628 5505.881153619 
19.372500000 0.553472211 -0.407918659 1.023472192 0.469999981 0.175091605 -0.225771642 4.100482488 -0.225886961 -0.408127015 5427.708255102 
19.417500000 0.545667747 -0.409440460 1.024667743 0.478999996 0.176997151 -0.223418453 4.070446205 -0.223549147 -0.409679971 5351.172610901 
19.462500000 0.538031183 -0.410334014 1.026031195 0.488000011 0.178637839 -0.220772495 4.041187167 -0.220916344 -0.410601376 5276.283501794 
19.507500000 0.530562729 -0.410576481 1.027562708 0.496999979 0.179997039 -0.217836578 4.012712615 -0.217991418 -0.410868322 5203.042984177 
19.552500000 0.523261708 -0.410147470 1.029261702 0.505999994 0.181059044 -0.214614466 3.985023578 -0.214778180 -0.410460343 5131.444424719 
19.597500000 0.516126892 -0.409028651 1.031126902 0.515000010 0.181808904 -0.211110687 3.958116644 -0.211281269 -0.409359156 5061.475789736 
19.642500000 0.509156412 -0.407203963 1.033156389 0.523999977 0.182232591 -0.207330509 3.931983748 -0.207506081 -0.407548793 4993.118727420 
19.687500000 0.502347615 -0.404659822 1.035347608 0.532999992 0.182317172 -0.203279897 3.906611436 -0.203458691 -0.405015740 4926.347243038 
19.732500000 0.495697422 -0.401384627 1.037697430 0.542000008 0.182050580 -0.198965325 3.881982763 -0.199145732 -0.401748574 4861.131123050 
19.777500000 0.489202179 -0.397368975 1.040202202 0.551000023 0.181421781 -0.194393768 3.858076733 -0.194574331 -0.397738072 4797.434548175 
19.822500000 0.482857809 -0.392605397 1.042857800 0.559999990 0.180420673 -0.189572582 3.834869134 -0.189752012 -0.392976997 4735.217536688 
19.867500000 0.476659643 -0.387088547 1.045659649 0.569000006 0.179038237 -0.184509489 3.812331586 -0.184686631 -0.387460180 4674.434287420 
19.912500000 0.470602767 -0.380814600 1.048602788 0.578000021 0.177266232 -0.179212404 3.790433509 -0.179386272 -0.381184057 4615.036626325 
19.957500000 0.464681942 -0.373781304 1.051681930 0.586999989 0.175097256 -0.173689422 3.769141793 -0.173859185 -0.374146635 4556.973164537 
20.002500000 0.458891462 -0.365988052 1.054891466 0.596000004 0.172524819 -0.167948793 3.748419858 -0.168113732 -0.366347483 4500.187959878 
20.047500000 0.453225495 -0.357435245 1.058225514 0.605000019 0.169543003 -0.161998766 3.728229537 -0.162158295 -0.357787231 4444.623801702 
20.092500000 0.447677980 -0.348124305 1.061677967 0.613999987 0.166146479 -0.155847586 3.708530595 -0.156001234 -0.348467518 4390.221261570 
20.137500000 0.442242494 -0.338057700 1.065242496 0.623000002 0.162330550 -0.149503480 3.689279755 -0.149650859 -0.338390952 4336.917358530 
20.182500000 0.436912590 -0.327238314 1.068912607 0.632000017 0.158090775 -0.142974539 3.670432701 -0.143115359 -0.327560620 4284.648851439 
20.227500000 0.431681696 -0.315669460 1.072681681 0.640999985 0.153422979 -0.136268728 3.651943595 -0.136402793 -0.315980025 4233.351302751 
20.272500000 0.426542976 -0.303354923 1.076542976 0.650000000 0.148323277 -0.129393912 3.633764026 -0.129521079 -0.303653057 4182.957673314 
20.317500000 0.421489642 -0.290298369 1.080489657 0.659000015 0.142787702 -0.122357756 3.615844910 -0.122477944 -0.290583521 4133.401393849 
20.362500000 0.416514835 -0.276503348 1.084514818 0.667999983 0.136812198 -0.115167747 3.598135770 -0.115280926 -0.276775078 4084.615209312 
20.407500000 0.411611470 -0.261973306 1.088611468 0.676999998 0.130392607 -0.107831218 3.580583526 -0.107937368 -0.262231196 4036.529623686 
20.452500000 0.406772539 -0.246710949 1.092772553 0.686000013 0.123524264 -0.100355239 3.563134453 -0.100454373 -0.246954658 3989.075921585 
20.497500000 0.401990995 -0.230718243 1.096990976 0.694999981 0.116201955 -0.092746656 3.545733426 -0.092838804 -0.230947473 3942.184988713 
20.542500000 0.397259575 -0.213996392 1.101259572 0.703999996 0.108419881 -0.085012116 3.528322564 -0.085097288 -0.214210792 3895.785614460 
20.587500000 0.392571105 -0.196545173 1.105571116 0.713000011 0.100171201 -0.077157956 3.510843200 -0.077236171 -0.196744411 3849.807425330 
20.632500000 0.387918367 -0.178362950 1.109918346 0.721999979 0.091447984 -0.069190264 3.493235078 -0.069261531 -0.178546665 3804.179656209 
20.677500000 0.383293907 -0.159446608 1.114293901 0.730999994 0.082241115 -0.061114913 3.475434693 -0.061179171 -0.159614253 3758.829191580 
20.722500000 0.378690237 -0.139790986 1.118690247 0.740000010 0.072539871 -0.052937482 3.457376418 -0.052994565 -0.139941725 3713.682613590 
20.767500000 0.374099654 -0.119388648 1.123099631 0.748999977 0.062331710 -0.044663252 3.438991012 -0.044712888 -0.119521329 3668.664375587 
20.812500000 0.369514157 -0.098229578 1.127514149 0.757999992 0.051601984 -0.036297220 3.420205203 -0.036339100 -0.098342918 3623.696002931 
20.857500000 0.364926184 -0.076300583 1.131926192 0.767000008 0.040333416 -0.027844081 3.400948857 -0.027878421 -0.076394686 3578.703363382 
20.902500000 0.360329071 -0.053584722 1.136329094 0.776000023 0.028505653 -0.019308133 3.381160867 -0.019334985 -0.053659241 3533.621083289 
20.947500000 0.355713256 -0.030060417 1.140713247 0.784999990 0.016094765 -0.010692889 3.360746695 -0.010708680 -0.030104809 3488.355403746 
20.992500000 0.351071245 -0.005700379 1.145071250 0.794000006 0.003072174 -0.002001239 3.339634513 -0.002018234 -0.005748787 3442.832822380 
21.037500000 0.346375273 0.019533863 1.149375247 0.802999973 0.010598743 0.006766047 3.317522257 0.006740896 0.019461251 3396.781073897 
21.082500000 0.341657809 0.045683781 1.153657798 0.811999989 0.024957784 0.015608220 3.294785187 0.015586030 0.045618831 3350.518553568 
21.127500000 0.336895387 0.072781610 1.157895391 0.821000004 0.040041818 0.024519789 3.271169001 0.024504105 0.072735056 3303.815148602 
21.172500000 0.332074364 0.100864973 1.162074383 0.830000019 0.055893636 0.033494672 3.246529139 0.033485707 0.100837978 3256.537057762 
21.217500000 0.327182920 0.129978632 1.166182955 0.839000034 0.072563181 0.042526788 3.220740525 0.042524431 0.129971428 3208.568384250 
21.262500000 0.322208824 0.160175644 1.170208778 0.847999954 0.090108845 0.051610006 3.193672075 0.051614111 0.160188386 3159.789163933 
21.307500000 0.317138589 0.191519154 1.174138559 0.856999969 0.108599376 0.060738114 3.165178472 0.060748534 0.191552010 3110.067146668 
21.352500000 0.311957770 0.224083834 1.177957755 0.865999985 0.128115680 0.069904693 3.135101842 0.069921287 0.224137027 3059.260665725 
21.397500000 0.306650253 0.257958661 1.181650253 0.875000000 0.148753815 0.079103089 3.103265070 0.079125699 0.258032393 3007.211707694 
21.442500000 0.301197984 0.293250070 1.185197999 0.884000015 0.170628572 0.088326330 3.069468571 0.088354751 0.293344431 2953.743205649 
21.487500000 0.295580474 0.330086277 1.188580505 0.893000031 0.193878326 0.097567058 3.033485047 0.097600998 0.330201102 2898.654258777 
21.532500000 0.289774175 0.368623174 1.191774221 0.902000046 0.218671638 0.106817476 2.995052690 0.106856484 0.368757788 2841.713916323 
21.577500000 0.283751719 0.409052232 1.194751684 0.910999966 0.245216212 0.116069274 2.953866983 0.116112649 0.409205095 2782.653791432 
21.622500000 0.277480407 0.451613076 1.197480388 0.919999981 0.273772618 0.125313780 2.909565485 0.125360342 0.451780877 2721.153235549 
21.667500000 0.270921337 0.496608896 1.199921333 0.928999996 0.304672006 0.134541946 2.861717870 0.134589752 0.496785353 2656.830725940 
21.712500000 0.264026856 0.544432740 1.202026868 0.938000011 0.338345063 0.143744865 2.809800623 0.143790624 0.544606053 2589.218968756 
21.757500000 0.256737807 0.595606480 1.203737834 0.947000027 0.375365335 0.152914701 2.753169795 0.152952723 0.595754574 2517.737814393 
21.802500000 0.248979477 0.650843873 1.204979519 0.956000042 0.416518895 0.162046767 2.691022956 0.162066992 0.650925103 2441.654590972 
21.847500000 0.240655864 0.711155806 1.205655826 0.964999962 0.462920270 0.171143815 2.622348510 0.171128136 0.711090655 2360.027826287 
21.892500000 0.231639160 0.778038591 1.205639137 0.973999977 0.516219980 0.180224206 2.545834978 0.180139262 0.777671883 2271.604170571 
21.937500000 0.221719425 0.853816521 1.204719417 0.982999992 0.579031705 0.189307708 2.459325087 0.189104907 0.852901846 2174.324798124 
21.982500000 0.210467971 0.942267998 1.202467979 0.992000008 0.655875029 0.198317234 2.358263569 0.197971891 0.940627163 2063.985730837 
22.027500000 0.198440446 1.039011688 1.198440446 1.000000000 0.744809141 0.206181943 2.246479597 0.206084226 1.038519266 1946.035998957 
22.072500000 0.201131632 1.064063668 1.201131632 1.000000000 0.757647314 0.214016862 2.285026507 0.214058502 1.064270696 1972.427520930 
22.117500000 0.202845767 1.093806534 1.202845767 1.000000000 0.775527497 0.221874026 2.312851110 0.222015495 1.094503959 1989.237444431 
22.162500000 0.203804050 1.127394949 1.203804050 1.000000000 0.797460797 0.229767656 2.332459078 0.229956356 1.128320840 1998.634982078 
22.207500000 0.204226048 1.163825025 1.204226048 1.000000000 0.822378574 0.237683385 2.346327207 0.237879131 1.164783502 2002.773373012 
22.252500000 0.204298811 1.202133618 1.204298811 1.000000000 0.849296794 0.245594469 2.356554097 0.245771621 1.203000739 2003.486939366 
22.297500000 0.204167607 1.241496923 1.204167607 1.000000000 0.877388404 0.253473456 2.364757988 0.253618721 1.242208423 2002.200264597 
22.342500000 0.203937450 1.281267414 1.203937450 1.000000000 0.906005744 0.261298409 2.372098191 0.261407281 1.281801260 1999.943194609 
22.387500000 0.203678425 1.320975426 1.203678425 1.000000000 0.934677712 0.269054195 2.379338600 0.269127774 1.321336680 1997.403028929 
22.432500000 0.203427118 1.360307035 1.203427118 1.000000000 0.963101774 0.276723340 2.386856978 0.276767825 1.360525714 1994.938550502 
22.477500000 0.203181685 1.399042863 1.203181685 1.000000000 0.991124939 0.284259886 2.394561397 0.284296549 1.399223310 1992.531668127 
22.522500000 0.202992145 1.436969954 1.202992145 1.000000000 1.018468810 0.291693613 2.403020761 0.291716802 1.437084194 1990.672914729 
22.567500000 0.202918191 1.473970134 1.202918191 1.000000000 1.044883460 0.299095354 2.412965005 0.299085929 1.473923688 1989.947681285 
22.612500000 0.202934953 1.510126214 1.202934953 1.000000000 1.070469950 0.306457393 2.424101128 0.306425333 1.509968231 1990.112061243 
22.657500000 0.202988559 1.545651565 1.202988559 1.000000000 1.095507815 0.313749584 2.435794536 0.313708923 1.545451254 1990.637750223 
22.702500000 0.203026503 1.580800099 1.203026503 1.000000000 1.120315255 0.320944316 2.447433638 0.320905589 1.580609350 1991.009854478 
22.747500000 0.203007132 1.615804432 1.203007132 1.000000000 1.145177507 0.328019824 2.458536449 0.327989273 1.615653938 1990.819893567 
22.792500000 0.202903255 1.650843711 1.202903255 1.000000000 1.170310535 0.334961563 2.468790048 0.334941570 1.650745176 1989.801208400 
22.837500000 0.202701412 1.686034622 1.202701412 1.000000000 1.195852906 0.341761599 2.478040236 0.341751762 1.685986094 1987.821805293 
22.882500000 0.202398887 1.721437011 1.202398887 1.000000000 1.221874884 0.348416936 2.486255615 0.348415251 1.721428688 1984.855049506 
22.927500000 0.202000057 1.757066684 1.202000057 1.000000000 1.248395402 0.354927570 2.493484578 0.354931434 1.757085810 1980.943859284 
22.972500000 0.201513059 1.792909975 1.201513059 1.000000000 1.275400398 0.361294773 2.499816514 0.361301681 1.792944255 1976.168038633 
23.017500000 0.200947266 1.828936766 1.200947266 1.000000000 1.302858655 0.367519842 2.505352713 0.367527778 1.828976262 1970.619501287 
23.062500000 0.200311677 1.865110435 1.200311677 1.000000000 1.330733472 0.373603399 2.510188174 0.373610966 1.865148213 1964.386506876 
23.107500000 0.199614114 1.901394466 1.199614114 1.000000000 1.358990014 0.379545171 2.514402842 0.379551549 1.901426416 1957.545747609 
23.152500000 0.198860984 1.937756186 1.198860984 1.000000000 1.387599076 0.385344102 2.518059543 0.385348919 1.937780406 1950.160071350 
23.197500000 0.198057390 1.974168406 1.198057390 1.000000000 1.416538340 0.390998642 2.521205765 0.391001826 1.974184483 1942.279503797 
23.242500000 0.197207371 2.010609734 1.197207371 1.000000000 1.445792179 0.396507060 2.523876965 0.396508711 2.010618106 1933.943665649 
23.287500000 0.196314167 2.047064172 1.196314167 1.000000000 1.475350806 0.401867699 2.526099895 0.401867991 2.047065662 1925.184330470 
23.332500000 0.195380430 2.083520410 1.195380430 1.000000000 1.505209293 0.407079113 2.527895176 0.407078240 2.083515940 1916.027491338 
23.377500000 0.194408363 2.119971038 1.194408363 1.000000000 1.535366706 0.412140098 2.529278955 0.412138242 2.119961488 1906.494768149 
23.422500000 0.193399811 2.156411793 1.193399811 1.000000000 1.565825414 0.417049633 2.530263795 0.417046957 2.156397952 1896.604257268 
23.467500000 0.192356312 2.192840867 1.192356312 1.000000000 1.596590561 0.421806782 2.530859088 0.421803429 2.192823431 1886.371028800 
23.512500000 0.191279129 2.229258295 1.191279129 1.000000000 1.627669632 0.426410585 2.531071262 0.426406681 2.229237883 1875.807469823 
23.557500000 0.190169284 2.265665419 1.190169284 1.000000000 1.659072071 0.430859971 2.530903995 0.430855629 2.265642586 1864.923611272 
23.602500000 0.189027599 2.302064435 1.189027599 1.000000000 1.690808913 0.435153713 2.530358523 0.435149033 2.302039676 1853.727504858 
23.647500000 0.187854737 2.338458017 1.187854737 1.000000000 1.722892434 0.439290416 2.529434074 0.439285486 2.338431770 1842.225658981 
23.692500000 0.186651253 2.374849022 1.186651253 1.000000000 1.755335810 0.443268545 2.528128390 0.443263438 2.374821662 1830.423508187 
23.737500000 0.185417638 2.411240267 1.185417638 1.000000000 1.788152803 0.447086474 2.526438277 0.447081252 2.411212102 1818.325877877 
23.782500000 0.184154366 2.447634354 1.184154366 1.000000000 1.821357478 0.450742552 2.524360147 0.450737261 2.447605626 1805.937408604 
23.827500000 0.182861927 2.484033553 1.182861927 1.000000000 1.854963951 0.454235162 2.521890484 0.454229838 2.484004437 1793.262915076 
23.872500000 0.181540859 2.520439697 1.181540859 1.000000000 1.888986177 0.457562788 2.519026233 0.457557453 2.520410309 1780.307668080 
23.917500000 0.180191768 2.556854114 1.180191768 1.000000000 1.923437764 0.460724063 2.515765084 0.460718730 2.556824521 1767.077598898 
23.962500000 0.178815338 2.593277568 1.178815338 1.000000000 1.958331825 0.463717805 2.512105675 0.463712480 2.593247792 1753.579433530 
24.007500000 0.177412344 2.629710209 1.177412344 1.000000000 1.993680849 0.466543054 2.508047713 0.466537737 2.629680241 1739.820767875 
24.052500000 0.175983653 2.666151544 1.175983653 1.000000000 2.029496602 0.469199089 2.503592039 0.469193776 2.666121349 1725.810095551 
24.097500000 0.174530222 2.702600413 1.174530222 1.000000000 2.065790048 0.471685449 2.498740639 0.471680132 2.702569945 1711.556798548 
24.142500000 0.173053092 2.739054995 1.173053092 1.000000000 2.102571301 0.474001937 2.493496626 0.473996607 2.739024192 1697.071108503 
24.187500000 0.171553389 2.775512807 1.171553389 1.000000000 2.139849584 0.476148629 2.487864191 0.476143276 2.775481607 1682.364044074 
24.232500000 0.170032307 2.811970741 1.170032307 1.000000000 2.177633231 0.478125874 2.481848524 0.478120490 2.811939079 1667.447328299 
24.277500000 0.168491104 2.848425096 1.168491104 1.000000000 2.215929694 0.479934290 2.475455723 0.479928868 2.848392914 1652.333289000 
24.322500000 0.166931087 2.884871632 1.166931087 1.000000000 2.254745581 0.481574758 2.468692676 0.481569290 2.884838876 1637.034745322 
24.367500000 0.165353600 2.921305622 1.165353600 1.000000000 2.294086711 0.483048402 2.461566930 0.483042884 2.921272251 1621.564883857 
24.412500000 0.163760013 2.957721924 1.163760013 1.000000000 2.333958186 0.484356580 2.454086548 0.484351009 2.957687908 1605.937128376 
24.457500000 0.162151704 2.994115043 1.162151704 1.000000000 2.374364482 0.485500856 2.446259959 0.485495233 2.994080365 1590.165007523 
24.502500000 0.160530051 3.030479200 1.160530051 1.000000000 2.415309547 0.486482981 2.438095808 0.486477307 3.030443859 1574.262024851 
24.547500000 0.158896416 3.066808412 1.158896416 1.000000000 2.456796913 0.487304864 2.429602809 0.487299146 3.066772422 1558.241535186 
24.592500000 0.157252133 3.103096554 1.157252133 1.000000000 2.498829813 0.487968552 2.420789611 0.487962795 3.103059942 1542.116630592 
24.637500000 0.155598501 3.139337437 1.155598501 1.000000000 2.541411303 0.488476199 2.411664674 0.488470412 3.139300244 1525.900038235 
24.682500000 0.153936771 3.175524874 1.153936771 1.000000000 2.584544389 0.488830044 2.402236160 0.488824237 3.175487154 1509.604031388 
24.727500000 0.152268140 3.211652754 1.152268140 1.000000000 2.628232153 0.489032391 2.392511840 0.489026576 3.211614568 1493.240353818 
24.772500000 0.150593746 3.247715102 1.150593746 1.000000000 2.672477879 0.489085582 2.382499019 0.489079773 3.247676523 1476.820156878 
24.817500000 0.148914660 3.283706150 1.148914660 1.000000000 2.717285190 0.488991984 2.372204466 0.488986192 3.283667255 1460.353947974 
24.862500000 0.147231883 3.319620394 1.147231883 1.000000000 2.762658174 0.488753963 2.361634367 0.488748201 3.319581264 1443.851548620 
24.907500000 0.145546345 3.355452658 1.145546345 1.000000000 2.808601521 0.488373869 2.350794271 0.488368151 3.355413374 1427.322060069 
24.952500000 0.143858895 3.391198143 1.143858895 1.000000000 2.855120667 0.487854018 2.339689047 0.487848357 3.391158789 1410.773834523 
24.997500000 0.142170308 3.426852486 1.142170308 1.000000000 2.902221935 0.487196673 2.328322846 0.487191080 3.426813142 1394.214450080 
25.042500000 0.140481274 3.462411803 1.140481274 1.000000000 2.949912695 0.486404022 2.316699048 0.486398507 3.462372549 1377.650687887 
25.087500000 0.138792402 3.497872741 1.138792402 1.000000000 2.998201528 0.485478160 2.304820222 0.485472735 3.497833652 1361.088510365 
25.132500000 0.137104214 3.533232520 1.137104214 1.000000000 3.047098403 0.484421067 2.292688065 0.484415741 3.533193668 1344.533039817 
25.177500000 0.135417144 3.568488969 1.135417144 1.000000000 3.096614873 0.483234585 2.280303350 0.483229365 3.568450422 1327.988537174 
25.222500000 0.133731537 3.603640571 1.133731537 1.000000000 3.146764277 0.481920394 2.267665859 0.481915288 3.603602394 1311.458381105 
25.267500000 0.132047646 3.638686498 1.132047646 1.000000000 3.197561967 0.480479987 2.254774318 0.480475002 3.638648750 1294.945048074 
25.312500000 0.130365629 3.673626643 1.130365629 1.000000000 3.249025548 0.478914648 2.241626327 0.478909790 3.673589379 1278.450094305 
25.357500000 0.128685549 3.708461658 1.128685549 1.000000000 3.301175135 0.477225425 2.228218297 0.477220699 3.708424930 1261.974140856 
25.402500000 0.127007374 3.743192979 1.127007374 1.000000000 3.354033621 0.475413110 2.214545381 0.475408520 3.743156835 1245.516863230 
25.447500000 0.125330973 3.777822859 1.125330973 1.000000000 3.407626968 0.473478215 2.200601418 0.473473764 3.777787344 1229.076987056 
25.492500000 0.123656120 3.812354390 1.123656120 1.000000000 3.461984501 0.471420953 2.186378886 0.471416644 3.812319545 1212.652291444 
25.537500000 0.121982494 3.846791523 1.121982494 1.000000000 3.517139215 0.469241223 2.171868863 0.469237059 3.846757386 1196.239621583 
25.582500000 0.120309679 3.881139080 1.120309679 1.000000000 3.573128084 0.466938596 2.157061007 0.466934579 3.881105685 1179.834912102 
25.627500000 0.118637172 3.915402759 1.118637172 1.000000000 3.629992368 0.464512310 2.141943552 0.464508440 3.915370136 1163.433222540 
25.672500000 0.116964385 3.949589127 1.116964385 1.000000000 3.687777923 0.461961263 2.126503328 0.461957541 3.949557304 1147.028786076 
25.717500000 0.115290652 3.983705605 1.115290652 1.000000000 3.746535493 0.459284017 2.110725795 0.459280442 3.983674605 1130.615072366 
25.762500000 0.113615237 4.017760432 1.113615237 1.000000000 3.806320991 0.456478804 2.094595110 0.456475377 4.017730272 1114.184864988 
25.807500000 0.111937344 4.051762620 1.111937344 1.000000000 3.867195760 0.453543546 2.078094216 0.453540265 4.051733313 1097.730353533 
25.852500000 0.110256126 4.085721889 1.110256126 1.000000000 3.929226810 0.450475868 2.061204953 0.450472732 4.085693443 1081.243239884 
25.897500000 0.108570700 4.119648588 1.108570700 1.000000000 3.992487034 0.447273132 2.043908199 0.447270137 4.119621004 1064.714857618 
25.942500000 0.106880158 4.153553596 1.106880158 1.000000000 4.057055391 0.443932465 2.026184031 0.443929609 4.153526871 1048.136302843 
25.987500000 0.105183582 4.187448215 1.105183582 1.000000000 4.123017074 0.440450803 2.008011910 0.440448080 4.187422335 1031.498574143 
26.032500000 0.103480059 4.221344040 1.103480059 1.000000000 4.190463647 0.436824929 1.989370882 0.436822337 4.221318987 1014.792718647 
26.077500000 0.101768696 4.255252829 1.101768696 1.000000000 4.259493176 0.433051531 1.970239792 0.433049063 4.255228578 998.009980701 
26.122500000 0.100048635 4.289186366 1.100048635 1.000000000 4.330210358 0.429127242 1.950597509 0.429124893 4.289162885 981.141949158 
26.167500000 0.098319069 4.323156318 1.098319069 1.000000000 4.402726649 0.425048705 1.930423150 0.425046468 4.323133567 964.180699012 
26.212500000 0.096579252 4.357174101 1.096579252 1.000000000 4.477160429 0.420812616 1.909696304 0.420810485 4.357152038 947.118923031 
26.257500000 0.094828514 4.391250757 1.094828514 1.000000000 4.553637205 0.416415785 1.888397239 0.416413753 4.391229332 929.950049161 
26.302500000 0.093066270 4.425396838 1.093066270 1.000000000 4.632289877 0.411855178 1.866507096 0.411853239 4.425375999 912.668339849 
26.347500000 0.091292028 4.459622319 1.091292028 1.000000000 4.713259095 0.407127967 1.844008057 0.407126113 4.459602011 895.268970030 
26.392500000 0.089505395 4.493936528 1.089505395 1.000000000 4.796693732 0.402231564 1.820883483 0.402229789 4.493916696 877.748081267 
26.437500000 0.087706078 4.528348101 1.087706078 1.000000000 4.882751487 0.397163652 1.797118018 0.397161950 4.528328691 860.102810443 
26.482500000 0.085893888 4.562864974 1.085893888 1.000000000 4.971599661 0.391922211 1.772697653 0.391920576 4.562845934 842.331292329 
26.527500000 0.084068733 4.597494395 1.084068733 1.000000000 5.063416129 0.386505527 1.747609755 0.386503953 4.597475677 824.432636308 
26.572500000 0.082230617 4.632242972 1.082230617 1.000000000 5.158390540 0.380912197 1.721843047 0.380910681 4.632224533 806.406878354 
26.617500000 0.080379631 4.667116744 1.080379631 1.000000000 5.256725777 0.375141123 1.695387555 0.375139660 4.667098545 788.254910093 
26.662500000 0.078515945 4.702121280 1.078515945 1.000000000 5.358639721 0.369191494 1.668234504 0.369190081 4.702103291 769.978387268 
26.707500000 0.076639792 4.737261805 1.076639792 1.000000000 5.464367367 0.363062761 1.640376186 0.363061397 4.737244001 751.579620313 
26.752500000 0.074751465 4.772543340 1.074751465 1.000000000 5.574163333 0.356754604 1.611805777 0.356753286 4.772525704 733.061449915 
26.797500000 0.072851291 4.807970857 1.072851291 1.000000000 5.688304851 0.350266883 1.582517131 0.350265609 4.807953377 714.427110614 
26.842500000 0.070939626 4.843549451 1.070939626 1.000000000 5.807095287 0.343599588 1.552504529 0.343598359 4.843532125 695.680085670 
26.887500000 0.069016836 4.879284514 1.069016836 1.000000000 5.930868318 0.336752780 1.521762412 0.336751595 4.879267343 676.823956824 
26.932500000 0.067083281 4.915181909 1.067083281 1.000000000 6.059992845 0.329726527 1.490285075 0.329725386 4.915164899 657.862253319 
26.977500000 0.065139299 4.951248129 1.065139299 1.000000000 6.194878792 0.322520832 1.458066363 0.322519735 4.951231293 638.798305720 
27.022500000 0.063185197 4.987490444 1.063185197 1.000000000 6.335983930 0.315135566 1.425099351 0.315134514 4.987473798 619.635111595 
27.067500000 0.061221235 5.023917007 1.061221235 1.000000000 6.483821891 0.307570402 1.391376047 0.307569396 5.023900568 600.375221856 
27.112500000 0.059247618 5.060536903 1.059247618 1.000000000 6.638971577 0.299824760 1.356887133 0.299823799 5.060520690 581.020657868 
27.157500000 0.057264496 5.097360129 1.057264496 1.000000000 6.802088191 0.291897759 1.321621759 0.291896844 5.097344163 561.572869839 
27.202500000 0.055271958 5.134397469 1.055271958 1.000000000 6.973916184 0.283788201 1.285567434 0.283787333 5.134381768 542.032745891 
27.247500000 0.053270044 5.171660253 1.053270044 1.000000000 7.155304499 0.275494570 1.248710019 0.275493749 5.171644832 522.400679009 
27.292500000 0.051258758 5.209159955 1.051258758 1.000000000 7.347224613 0.267015068 1.211033846 0.267014293 5.209144827 502.676696948 
27.337500000 0.049238084 5.246907624 1.049238084 1.000000000 7.550791984 0.258347681 1.172521995 0.258346951 5.246892800 482.860660519 
27.382500000 0.047208021 5.284913090 1.047208021 1.000000000 7.767291675 0.249490289 1.133156759 0.249489604 5.284898577 462.952540454 
27.427500000 0.045168615 5.323183881 1.045168615 1.000000000 7.998208927 0.240440842 1.092920367 0.240440201 5.323169689 442.952796631 
27.472500000 0.043120018 5.361723718 1.043120018 1.000000000 8.245265176 0.231197623 1.051796132 0.231197025 5.361709865 422.862923692 
27.517500000 0.041062580 5.400530239 1.041062580 1.000000000 8.510458258 0.221759707 1.009770494 0.221759154 5.400516765 402.686353649 
27.562500000 0.038997030 5.439591100 1.038997030 1.000000000 8.796099816 0.212127899 0.966837172 0.212127390 5.439578062 382.430226851 
27.607500000 0.036924848 5.478876693 1.036924848 1.000000000 9.104829823 0.202306687 0.923005971 0.202306223 5.478864125 362.109056542 
27.652500000 0.034848938 5.518327342 1.034848938 1.000000000 9.439572949 0.192307847 0.878319064 0.192307422 5.518315144 341.751337974 
27.697500000 0.032774457 5.557835771 1.032774457 1.000000000 9.803420213 0.182155050 0.832871913 0.182154656 5.557823750 321.407629747 
27.742500000 0.030709024 5.597233080 1.030709024 1.000000000 10.199527313 0.171885567 0.786821240 0.171885225 5.597221947 301.152653220 
27.787500000 0.028662255 5.636275653 1.028662255 1.000000000 10.631063515 0.161548367 0.740376636 0.161548203 5.636269920 281.080698571 
27.832500000 0.026653126 5.674538616 1.026653126 1.000000000 11.099314043 0.151244194 0.693983301 0.151244344 5.674544235 261.377880920 
27.877500000 0.024756810 5.711159577 1.024756810 1.000000000 11.590885570 0.141390091 0.649538491 0.141388905 5.711111684 242.781367626 
27.922500000 0.023197057 5.745667981 1.023197057 1.000000000 12.046579261 0.133282588 0.613023414 0.133273318 5.745268352 227.485420324 
27.967500000 0.021645320 5.773275215 1.021645320 1.000000000 12.530832374 0.124964388 0.575292425 0.124971800 5.773617626 212.268074907 
28.012500000 0.014045099 5.698583413 1.014045099 1.000000000 15.354800057 0.080037170 0.366753462 0.080039180 5.698726574 137.735372544 
28.057500000 0.001993438 5.286601908 1.001993438 1.000000000 37.810716095 0.010538513 0.047424959 0.010538431 5.286560711 19.548948911 
28.102500000 0.000000000 0.000000000 1.000000000 1.000000000 0.000000000 0.000000000 0.000000000 0.000000000 0.000000000 0.000000149 
28.147500000 0.000000000 0.000000000 1.000000000 1.000000000 0.000000000 0.000000000 0.000000000 0.000000000 0.000000000 0.000000140 
28.192500000 0.000000000 0.000000000 1.000000000 1.000000000 0.000000000 0.000000000 0.000000000 0.000000000 0.000000000 0.000000132 
28.237500000 0.000000000 0.000000000 1.000000000 1.000000000 0.000000000 0.000000000 0.000000000 0.000000000 0.000000000 0.000000123 
28.282500000 0.000000000 0.000000000 1.000000000 1.000000000 0.000000000 0.000000000 0.000000000 0.000000000 0.000000000 0.000000116 
28.327500000 0.000000000 0.000000000 1.000000000 1.000000000 0.000000000 0.000000000 0.000000000 0.000000000 0.000000000 0.000000109 
28.372500000 0.000000000 0.000000000 1.000000000 1.000000000 0.000000000 0.000000000 0.000000000 0.000000000 0.000000000 0.000000102 
28.417500000 0.000000000 0.000000000 1.000000000 1.000000000 0.000000000 0.000000000 0.000000000 0.000000000 0.000000000 0.000000096 
28.462500000 0.000000000 0.000000000 1.000000000 1.000000000 0.000000000 0.000000000 0.000000000 0.000000000 0.000000000 0.000000090 
28.507500000 0.000000000 0.000000000 1.000000000 1.000000000 0.000000000 0.000000000 0.000000000 0.000000000 0.000000000 0.000000084 
28.552500000 0.000000000 0.000000000 1.000000000 1.000000000 0.000000000 0.000000000 0.000000000 0.000000000 0.000000000 0.000000079 
28.597500000 0.000000000 0.000000000 1.000000000 1.000000000 0.000000000 0.000000000 0.000000000 0.000000000 0.000000000 0.000000074 
28.642500000 0.000000000 0.000000000 1.000000000 1.000000000 0.000000000 0.000000000 0.000000000 0.000000000 0.000000000 0.000000070 
28.687500000 0.000000000 0.000000000 1.000000000 1.000000000 0.000000000 0.000000000 0.000000000 0.000000000 0.000000000 0.000000065 
28.732500000 0.000000000 0.000000000 1.000000000 1.000000000 0.000000000 0.000000000 0.000000000 0.000000000 0.000000000 0.000000061 
28.777500000 0.000000000 0.000000000 1.000000000 1.000000000 0.000000000 0.000000000 0.000000000 0.000000000 0.000000000 0.000000058 
28.822500000 0.000000000 0.000000000 1.000000000 1.000000000 0.000000000 0.000000000 0.000000000 0.000000000 0.000000000 0.000000054 
28.867500000 0.000000000 0.000000000 1.000000000 1.000000000 0.000000000 0.000000000 0.000000000 0.000000000 0.000000000 0.000000051 
28.912500000 0.000000000 0.000000000 1.000000000 1.000000000 0.000000000 0.000000000 0.000000000 0.000000000 0.000000000 0.000000048 
28.957500000 0.000000000 0.000000000 1.000000000 1.000000000 0.000000000 0.000000000 0.000000000 0.000000000 0.000000000 0.000000045 
29.002500000 0.000000000 0.000000000 1.000000000 1.000000000 0.000000000 0.000000000 0.000000000 0.000000000 0.000000000 0.000000042 
29.047500000 0.000000000 0.000000000 1.000000000 1.000000000 0.000000000 0.000000000 0.000000000 0.000000000 0.000000000 0.000000039 
29.092500000 0.000000000 0.000000000 1.000000000 1.000000000 0.000000000 0.000000000 0.000000000 0.000000000 0.000000000 0.000000037 
29.137500000 0.000000000 0.000000000 1.000000000 1.000000000 0.000000000 0.000000000 0.000000000 0.000000000 0.000000000 0.000000035 
29.182500000 0.000000000 0.000000000 1.000000000 1.000000000 0.000000000 0.000000000 0.000000000 0.000000000 0.000000000 0.000000032 
29.227500000 0.000000000 0.000000000 1.000000000 1.000000000 0.000000000 0.000000000 0.000000000 0.000000000 0.000000000 0.000000030 
29.272500000 0.000000000 0.000000000 1.000000000 1.000000000 0.000000000 0.000000000 0.000000000 0.000000000 0.000000000 0.000000029 
29.317500000 0.000000000 0.000000000 1.000000000 1.000000000 0.000000000 0.000000000 0.000000000 0.000000000 0.000000000 0.000000027 
29.362500000 0.000000000 0.000000000 1.000000000 1.000000000 0.000000000 0.000000000 0.000000000 0.000000000 0.000000000 0.000000025 
29.407500000 0.000000000 0.000000000 1.000000000 1.000000000 0.000000000 0.000000000 0.000000000 0.000000000 0.000000000 0.000000024 
29.452500000 0.000000000 0.000000000 1.000000000 1.000000000 0.000000000 0.000000000 0.000000000 0.000000000 0.000000000 0.000000022 
29.497500000 0.000000000 0.000000000 1.000000000 1.000000000 0.000000000 0.000000000 0.000000000 0.000000000 0.000000000 0.000000021 
29.542500000 0.000000000 0.000000000 1.000000000 1.000000000 0.000000000 0.000000000 0.000000000 0.000000000 0.000000000 0.000000019 
29.587500000 0.000000000 0.000000000 1.000000000 1.000000000 0.000000000 0.000000000 0.000000000 0.000000000 0.000000000 0.000000018 
29.632500000 0.000000000 0.000000000 1.000000000 1.000000000 0.000000000 0.000000000 0.000000000 0.000000000 0.000000000 0.000000017 
29.677500000 0.000000000 0.000000000 1.000000000 1.000000000 0.000000000 0.000000000 0.000000000 0.000000000 0.000000000 0.000000016 
29.722500000 0.000000000 0.000000000 1.000000000 1.000000000 0.000000000 0.000000000 0.000000000 0.000000000 0.000000000 0.000000015 
29.767500000 0.000000000 0.000000000 1.000000000 1.000000000 0.000000000 0.000000000 0.000000000 0.000000000 0.000000000 0.000000014 
29.812500000 0.000000000 0.000000000 1.000000000 1.000000000 0.000000000 0.000000000 0.000000000 0.000000000 0.000000000 0.000000013 
29.857500000 0.000000000 0.000000000 1.000000000 1.000000000 0.000000000 0.000000000 0.000000000 0.000000000 0.000000000 0.000000012 
29.902500000 0.000000000 0.000000000 1.000000000 1.000000000 0.000000000 0.000000000 0.000000000 0.000000000 0.000000000 0.000000012 
29.947500000 0.000000000 0.000000000 1.000000000 1.000000000 0.000000000 0.000000000 0.000000000 0.000000000 0.000000000 0.000000011 
29.992500000 0.000000000 0.000000000 1.000000000 1.000000000 0.000000000 0.000000000 0.000000000 0.000000000 0.000000000 0.000000010 
30.037500000 0.000000000 0.000000000 1.000000000 1.000000000 0.000000000 0.000000000 0.000000000 0.000000000 0.000000000 0.000000000 
30.082500000 0.000000000 0.000000000 1.000000000 1.000000000 0.000000000 0.000000000 0.000000000 0.000000000 0.000000000 0.000000000 
30.127500000 0.000000000 0.000000000 1.000000000 1.000000000 0.000000000 0.000000000 0.000000000 0.000000000 0.000000000 0.000000000 
30.172500000 0.000000000 0.000000000 1.000000000 1.000000000 0.000000000 0.000000000 0.000000000 0.000000000 0.000000000 0.000000000 
30.217500000 0.000000000 0.000000000 1.000000000 1.000000000 0.000000000 0.000000000 0.000000000 0.000000000 0.000000000 0.000000000 
30.262500000 0.000000000 0.000000000 1.000000000 1.000000000 0.000000000 0.000000000 0.000000000 0.000000000 0.000000000 0.000000000 
30.307500000 0.000000000 0.000000000 1.000000000 1.000000000 0.000000000 0.000000000 0.000000000 0.000000000 0.000000000 0.000000000 
30.352500000 0.000000000 0.000000000 1.000000000 1.000000000 0.000000000 0.000000000 0.000000000 0.000000000 0.000000000 0.000000000 
30.397500000 0.000000000 0.000000000 1.000000000 1.000000000 0.000000000 0.000000000 0.000000000 0.000000000 0.000000000 0.000000000 
30.442500000 0.000000000 0.000000000 1.000000000 1.000000000 0.000000000 0.000000000 0.000000000 0.000000000 0.000000000 0.000000000 
30.487500000 0.000000000 0.000000000 1.000000000 1.000000000 0.000000000 0.000000000 0.000000000 0.000000000 0.000000000 0.000000000 
30.532500000 0.000000000 0.000000000 1.000000000 1.000000000 0.000000000 0.000000000 0.000000000 0.000000000 0.000000000 0.000000000 
30.577500000 0.000000000 0.000000000 1.000000000 1.000000000 0.000000000 0.000000000 0.000000000 0.000000000 0.000000000 0.000000000 
30.622500000 0.000000000 0.000000000 1.000000000 1.000000000 0.000000000 0.000000000 0.000000000 0.000000000 0.000000000 0.000000000 
30.667500000 0.000000000 0.000000000 1.000000000 1.000000000 0.000000000 0.000000000 0.000000000 0.000000000 0.000000000 0.000000000 
30.712500000 0.000000000 0.000000000 1.000000000 1.000000000 0.000000000 0.000000000 0.000000000 0.000000000 0.000000000 0.000000000 
30.757500000 0.000000000 0.000000000 1.000000000 1.000000000 0.000000000 0.000000000 0.000000000 0.000000000 0.000000000 0.000000000 
30.802500000 0.000000000 0.000000000 1.000000000 1.000000000 0.000000000 0.000000000 0.000000000 0.000000000 0.000000000 0.000000000 
30.847500000 0.000000000 0.000000000 1.000000000 1.000000000 0.000000000 0.000000000 0.000000000 0.000000000 0.000000000 0.000000000 
30.892500000 0.000000000 0.000000000 1.000000000 1.000000000 0.000000000 0.000000000 0.000000000 0.000000000 0.000000000 0.000000000 
30.937500000 0.000000000 0.000000000 1.000000000 1.000000000 0.000000000 0.000000000 0.000000000 0.000000000 0.000000000 0.000000000 
30.982500000 0.000000000 0.000000000 1.000000000 1.000000000 0.000000000 0.000000000 0.000000000 0.000000000 0.000000000 0.000000000 
31.027500000 0.000000000 0.000000000 1.000000000 1.000000000 0.000000000 0.000000000 0.000000000 0.000000000 0.000000000 0.000000000 
31.072500000 0.000000000 0.000000000 1.000000000 1.000000000 0.000000000 0.000000000 0.000000000 0.000000000 0.000000000 0.000000000 
31.117500000 0.000000000 0.000000000 1.000000000 1.000000000 0.000000000 0.000000000 0.000000000 0.000000000 0.000000000 0.000000000 
31.162500000 0.000000000 0.000000000 1.000000000 1.000000000 0.000000000 0.000000000 0.000000000 0.000000000 0.000000000 0.000000000 
31.207500000 0.000000000 0.000000000 1.000000000 1.000000000 0.000000000 0.000000000 0.000000000 0.000000000 0.000000000 0.000000000 
31.252500000 0.000000000 0.000000000 1.000000000 1.000000000 0.000000000 0.000000000 0.000000000 0.000000000 0.000000000 0.000000000 
31.297500000 0.000000000 0.000000000 1.000000000 1.000000000 0.000000000 0.000000000 0.000000000 0.000000000 0.000000000 0.000000000 
31.342500000 0.000000000 0.000000000 1.000000000 1.000000000 0.000000000 0.000000000 0.000000000 0.000000000 0.000000000 0.000000000 
31.387500000 0.000000000 0.000000000 1.000000000 1.000000000 0.000000000 0.000000000 0.000000000 0.000000000 0.000000000 0.000000000 
31.432500000 0.000000000 0.000000000 1.000000000 1.000000000 0.000000000 0.000000000 0.000000000 0.000000000 0.000000000 0.000000000 
31.477500000 0.000000000 0.000000000 1.000000000 1.000000000 0.000000000 0.000000000 0.000000000 0.000000000 0.000000000 0.000000000 
31.522500000 0.000000000 0.000000000 1.000000000 1.000000000 0.000000000 0.000000000 0.000000000 0.000000000 0.000000000 0.000000000 
31.567500000 0.000000000 0.000000000 1.000000000 1.000000000 0.000000000 0.000000000 0.000000000 0.000000000 0.000000000 0.000000000 
31.612500000 0.000000000 0.000000000 1.000000000 1.000000000 0.000000000 0.000000000 0.000000000 0.000000000 0.000000000 0.000000000 
31.657500000 0.000000000 0.000000000 1.000000000 1.000000000 0.000000000 0.000000000 0.000000000 0.000000000 0.000000000 0.000000000 
31.702500000 0.000000000 0.000000000 1.000000000 1.000000000 0.000000000 0.000000000 0.000000000 0.000000000 0.000000000 0.000000000 
31.747500000 0.000000000 0.000000000 1.000000000 1.000000000 0.000000000 0.000000000 0.000000000 0.000000000 0.000000000 0.000000000 
31.792500000 0.000000000 0.000000000 1.000000000 1.000000000 0.000000000 0.000000000 0.000000000 0.000000000 0.000000000 0.000000000 
31.837500000 0.000000000 0.000000000 1.000000000 1.000000000 0.000000000 0.000000000 0.000000000 0.000000000 0.000000000 0.000000000 
31.882500000 0.000000000 0.000000000 1.000000000 1.000000000 0.000000000 0.000000000 0.000000000 0.000000000 0.000000000 0.000000000 
31.927500000 0.000000000 0.000000000 1.000000000 1.000000000 0.000000000 0.000000000 0.000000000 0.000000000 0.000000000 0.000000000 
31.972500000 0.000000000 0.000000000 1.000000000 1.000000000 0.000000000 0.000000000 0.000000000 0.000000000 0.000000000 0.000000000 
32.017500000 0.000000000 0.000000000 1.000000000 1.000000000 0.000000000 0.000000000 0.000000000 0.000000000 0.000000000 0.000000000 
32.062500000 0.000000000 0.000000000 1.000000000 1.000000000 0.000000000 0.000000000 0.000000000 0.000000000 0.000000000 0.000000000 
32.107500000 0.000000000 0.000000000 1.000000000 1.000000000 0.000000000 0.000000000 0.000000000 0.000000000 0.000000000 0.000000000 
32.152500000 0.000000000 0.000000000 1.000000000 1.000000000 0.000000000 0.000000000 0.000000000 0.000000000 0.000000000 0.000000000 
32.197500000 0.000000000 0.000000000 1.000000000 1.000000000 0.000000000 0.000000000 0.000000000 0.000000000 0.000000000 0.000000000 
32.242500000 0.000000000 0.000000000 1.000000000 1.000000000 0.000000000 0.000000000 0.000000000 0.000000000 0.000000000 0.000000000 
32.287500000 0.000000000 0.000000000 1.000000000 1.000000000 0.000000000 0.000000000 0.000000000 0.000000000 0.000000000 0.000000000 
32.332500000 0.000000000 0.000000000 1.000000000 1.000000000 0.000000000 0.000000000 0.000000000 0.000000000 0.000000000 0.000000000 
32.377500000 0.000000000 0.000000000 1.000000000 1.000000000 0.000000000 0.000000000 0.000000000 0.000000000 0.000000000 0.000000000 
32.422500000 0.000000000 0.000000000 1.000000000 1.000000000 0.000000000 0.000000000 0.000000000 0.000000000 0.000000000 0.000000000 
32.467500000 0.000000000 0.000000000 1.000000000 1.000000000 0.000000000 0.000000000 0.000000000 0.000000000 0.000000000 0.000000000 
32.512500000 0.000000000 0.000000000 1.000000000 1.000000000 0.000000000 0.000000000 0.000000000 0.000000000 0.000000000 0.000000000 
32.557500000 0.000000000 0.000000000 1.000000000 1.000000000 0.000000000 0.000000000 0.000000000 0.000000000 0.000000000 0.000000000 
32.602500000 0.000000000 0.000000000 1.000000000 1.000000000 0.000000000 0.000000000 0.000000000 0.000000000 0.000000000 0.000000000 
32.647500000 0.000000000 0.000000000 1.000000000 1.000000000 0.000000000 0.000000000 0.000000000 0.000000000 0.000000000 0.000000000 
32.692500000 0.000000000 0.000000000 1.000000000 1.000000000 0.000000000 0.000000000 0.000000000 0.000000000 0.000000000 0.000000000 
32.737500000 0.000000000 0.000000000 1.000000000 1.000000000 0.000000000 0.000000000 0.000000000 0.000000000 0.000000000 0.000000000 
32.782500000 0.000000000 0.000000000 1.000000000 1.000000000 0.000000000 0.000000000 0.000000000 0.000000000 0.000000000 0.000000000 
32.827500000 0.000000000 0.000000000 1.000000000 1.000000000 0.000000000 0.000000000 0.000000000 0.000000000 0.000000000 0.000000000 
32.872500000 0.000000000 0.000000000 1.000000000 1.000000000 0.000000000 0.000000000 0.000000000 0.000000000 0.000000000 0.000000000 
32.917500000 0.000000000 0.000000000 1.000000000 1.000000000 0.000000000 0.000000000 0.000000000 0.000000000 0.000000000 0.000000000 
32.962500000 0.000000000 0.000000000 1.000000000 1.000000000 0.000000000 0.000000000 0.000000000 0.000000000 0.000000000 0.000000000 
33.007500000 0.000000000 0.000000000 1.000000000 1.000000000 0.000000000 0.000000000 0.000000000 0.000000000 0.000000000 0.000000000 
33.052500000 0.000000000 0.000000000 1.000000000 1.000000000 0.000000000 0.000000000 0.000000000 0.000000000 0.000000000 0.000000000 
33.097500000 0.000000000 0.000000000 1.000000000 1.000000000 0.000000000 0.000000000 0.000000000 0.000000000 0.000000000 0.000000000 
33.142500000 0.000000000 0.000000000 1.000000000 1.000000000 0.000000000 0.000000000 0.000000000 0.000000000 0.000000000 0.000000000 
33.187500000 0.000000000 0.000000000 1.000000000 1.000000000 0.000000000 0.000000000 0.000000000 0.000000000 0.000000000 0.000000000 
33.232500000 0.000000000 0.000000000 1.000000000 1.000000000 0.000000000 0.000000000 0.000000000 0.000000000 0.000000000 0.000000000 
33.277500000 0.000000000 0.000000000 1.000000000 1.000000000 0.000000000 0.000000000 0.000000000 0.000000000 0.000000000 0.000000000 
33.322500000 0.000000000 0.000000000 1.000000000 1.000000000 0.000000000 0.000000000 0.000000000 0.000000000 0.000000000 0.000000000 
33.367500000 0.000000000 0.000000000 1.000000000 1.000000000 0.000000000 0.000000000 0.000000000 0.000000000 0.000000000 0.000000000 
33.412500000 0.000000000 0.000000000 1.000000000 1.000000000 0.000000000 0.000000000 0.000000000 0.000000000 0.000000000 0.000000000 
33.457500000 0.000000000 0.000000000 1.000000000 1.000000000 0.000000000 0.000000000 0.000000000 0.000000000 0.000000000 0.000000000 
33.502500000 0.000000000 0.000000000 1.000000000 1.000000000 0.000000000 0.000000000 0.000000000 0.000000000 0.000000000 0.000000000 
33.547500000 0.000000000 0.000000000 1.000000000 1.000000000 0.000000000 0.000000000 0.000000000 0.000000000 0.000000000 0.000000000 
33.592500000 0.000000000 0.000000000 1.000000000 1.000000000 0.000000000 0.000000000 0.000000000 0.000000000 0.000000000 0.000000000 
33.637500000 0.000000000 0.000000000 1.000000000 1.000000000 0.000000000 0.000000000 0.000000000 0.000000000 0.000000000 0.000000000 
33.682500000 0.000000000 0.000000000 1.000000000 1.000000000 0.000000000 0.000000000 0.000000000 0.000000000 0.000000000 0.000000000 
33.727500000 0.000000000 0.000000000 1.000000000 1.000000000 0.000000000 0.000000000 0.000000000 0.000000000 0.000000000 0.000000000 
33.772500000 0.000000000 0.000000000 1.000000000 1.000000000 0.000000000 0.000000000 0.000000000 0.000000000 0.000000000 0.000000000 
33.817500000 0.000000000 0.000000000 1.000000000 1.000000000 0.000000000 0.000000000 0.000000000 0.000000000 0.000000000 0.000000000 
33.862500000 0.000000000 0.000000000 1.000000000 1.000000000 0.000000000 0.000000000 0.000000000 0.000000000 0.000000000 0.000000000 
33.907500000 0.000000000 0.000000000 1.000000000 1.000000000 0.000000000 0.000000000 0.000000000 0.000000000 0.000000000 0.000000000 
33.952500000 0.000000000 0.000000000 1.000000000 1.000000000 0.000000000 0.000000000 0.000000000 0.000000000 0.000000000 0.000000000 
33.997500000 0.000000000 0.000000000 1.000000000 1.000000000 0.000000000 0.000000000 0.000000000 0.000000000 0.000000000 0.000000000 
34.042500000 0.000000000 0.000000000 1.000000000 1.000000000 0.000000000 0.000000000 0.000000000 0.000000000 0.000000000 0.000000000 
34.087500000 0.000000000 0.000000000 1.000000000 1.000000000 0.000000000 0.000000000 0.000000000 0.000000000 0.000000000 0.000000000 
34.132500000 0.000000000 0.000000000 1.000000000 1.000000000 0.000000000 0.000000000 0.000000000 0.000000000 0.000000000 0.000000000 
34.177500000 0.000000000 0.000000000 1.000000000 1.000000000 0.000000000 0.000000000 0.000000000 0.000000000 0.000000000 0.000000000 
34.222500000 0.000000000 0.000000000 1.000000000 1.000000000 0.000000000 0.000000000 0.000000000 0.000000000 0.000000000 0.000000000 
34.267500000 0.000000000 0.000000000 1.000000000 1.000000000 0.000000000 0.000000000 0.000000000 0.000000000 0.000000000 0.000000000 
34.312500000 0.000000000 0.000000000 1.000000000 1.000000000 0.000000000 0.000000000 0.000000000 0.000000000 0.000000000 0.000000000 
34.357500000 0.000000000 0.000000000 1.000000000 1.000000000 0.000000000 0.000000000 0.000000000 0.000000000 0.000000000 0.000000000 
34.402500000 0.000000000 0.000000000 1.000000000 1.000000000 0.000000000 0.000000000 0.000000000 0.000000000 0.000000000 0.000000000 
34.447500000 0.000000000 0.000000000 1.000000000 1.000000000 0.000000000 0.000000000 0.000000000 0.000000000 0.000000000 0.000000000 
34.492500000 0.000000000 0.000000000 1.000000000 1.000000000 0.000000000 0.000000000 0.000000000 0.000000000 0.000000000 0.000000000 
34.537500000 0.000000000 0.000000000 1.000000000 1.000000000 0.000000000 0.000000000 0.000000000 0.000000000 0.000000000 0.000000000 
34.582500000 0.000000000 0.000000000 1.000000000 1.000000000 0.000000000 0.000000000 0.000000000 0.000000000 0.000000000 0.000000000 
34.627500000 0.000000000 0.000000000 1.000000000 1.000000000 0.000000000 0.000000000 0.000000000 0.000000000 0.000000000 0.000000000 
34.672500000 0.000000000 0.000000000 1.000000000 1.000000000 0.000000000 0.000000000 0.000000000 0.000000000 0.000000000 0.000000000 
34.717500000 0.000000000 0.000000000 1.000000000 1.000000000 0.000000000 0.000000000 0.000000000 0.000000000 0.000000000 0.000000000 
34.762500000 0.000000000 0.000000000 1.000000000 1.000000000 0.000000000 0.000000000 0.000000000 0.000000000 0.000000000 0.000000000 
34.807500000 0.000000000 0.000000000 1.000000000 1.000000000 0.000000000 0.000000000 0.000000000 0.000000000 0.000000000 0.000000000 
34.852500000 0.000000000 0.000000000 1.000000000 1.000000000 0.000000000 0.000000000 0.000000000 0.000000000 0.000000000 0.000000000 
34.897500000 0.000000000 0.000000000 1.000000000 1.000000000 0.000000000 0.000000000 0.000000000 0.000000000 0.000000000 0.000000000 
34.942500000 0.000000000 0.000000000 1.000000000 1.000000000 0.000000000 0.000000000 0.000000000 0.000000000 0.000000000 0.000000000 
34.987500000 0.000000000 0.000000000 1.000000000 1.000000000 0.000000000 0.000000000 0.000000000 0.000000000 0.000000000 0.000000000 
35.032500000 0.000000000 0.000000000 1.000000000 1.000000000 0.000000000 0.000000000 0.000000000 0.000000000 0.000000000 0.000000000 
35.077500000 0.000000000 0.000000000 1.000000000 1.000000000 0.000000000 0.000000000 0.000000000 0.000000000 0.000000000 0.000000000 
35.122500000 0.000000000 0.000000000 1.000000000 1.000000000 0.000000000 0.000000000 0.000000000 0.000000000 0.000000000 0.000000000 
35.167500000 0.000000000 0.000000000 1.000000000 1.000000000 0.000000000 0.000000000 0.000000000 0.000000000 0.000000000 0.000000000 
35.212500000 0.000000000 0.000000000 1.000000000 1.000000000 0.000000000 0.000000000 0.000000000 0.000000000 0.000000000 0.000000000 
35.257500000 0.000000000 0.000000000 1.000000000 1.000000000 0.000000000 0.000000000 0.000000000 0.000000000 0.000000000 0.000000000 
35.302500000 0.000000000 0.000000000 1.000000000 1.000000000 0.000000000 0.000000000 0.000000000 0.000000000 0.000000000 0.000000000 
35.347500000 0.000000000 0.000000000 1.000000000 1.000000000 0.000000000 0.000000000 0.000000000 0.000000000 0.000000000 0.000000000 
35.392500000 0.000000000 0.000000000 1.000000000 1.000000000 0.000000000 0.000000000 0.000000000 0.000000000 0.000000000 0.000000000 
35.437500000 0.000000000 0.000000000 1.000000000 1.000000000 0.000000000 0.000000000 0.000000000 0.000000000 0.000000000 0.000000000 
35.482500000 0.000000000 0.000000000 1.000000000 1.000000000 0.000000000 0.000000000 0.000000000 0.000000000 0.000000000 0.000000000 
35.527500000 0.000000000 0.000000000 1.000000000 1.000000000 0.000000000 0.000000000 0.000000000 0.000000000 0.000000000 0.000000000 
35.572500000 0.000000000 0.000000000 1.000000000 1.000000000 0.000000000 0.000000000 0.000000000 0.000000000 0.000000000 0.000000000 
35.617500000 0.000000000 0.000000000 1.000000000 1.000000000 0.000000000 0.000000000 0.000000000 0.000000000 0.000000000 0.000000000 
35.662500000 0.000000000 0.000000000 1.000000000 1.000000000 0.000000000 0.000000000 0.000000000 0.000000000 0.000000000 0.000000000 
35.707500000 0.000000000 0.000000000 1.000000000 1.000000000 0.000000000 0.000000000 0.000000000 0.000000000 0.000000000 0.000000000 
35.752500000 0.000000000 0.000000000 1.000000000 1.000000000 0.000000000 0.000000000 0.000000000 0.000000000 0.000000000 0.000000000 
35.797500000 0.000000000 0.000000000 1.000000000 1.000000000 0.000000000 0.000000000 0.000000000 0.000000000 0.000000000 0.000000000 
35.842500000 0.000000000 0.000000000 1.000000000 1.000000000 0.000000000 0.000000000 0.000000000 0.000000000 0.000000000 0.000000000 
35.887500000 0.000000000 0.000000000 1.000000000 1.000000000 0.000000000 0.000000000 0.000000000 0.000000000 0.000000000 0.000000000 
35.932500000 0.000000000 0.000000000 1.000000000 1.000000000 0.000000000 0.000000000 0.000000000 0.000000000 0.000000000 0.000000000 
35.977500000 0.000000000 0.000000000 1.000000000 1.000000000 0.000000000 0.000000000 0.000000000 0.000000000 0.000000000 0.000000000 
36.022500000 0.000000000 0.000000000 1.000000000 1.000000000 0.000000000 0.000000000 0.000000000 0.000000000 0.000000000 0.000000000 
36.067500000 0.000000000 0.000000000 1.000000000 1.000000000 0.000000000 0.000000000 0.000000000 0.000000000 0.000000000 0.000000000 
36.112500000 0.000000000 0.000000000 1.000000000 1.000000000 0.000000000 0.000000000 0.000000000 0.000000000 0.000000000 0.000000000 
36.157500000 0.000000000 0.000000000 1.000000000 1.000000000 0.000000000 0.000000000 0.000000000 0.000000000 0.000000000 0.000000000 
36.202500000 0.000000000 0.000000000 1.000000000 1.000000000 0.000000000 0.000000000 0.000000000 0.000000000 0.000000000 0.000000000 
36.247500000 0.000000000 0.000000000 1.000000000 1.000000000 0.000000000 0.000000000 0.000000000 0.000000000 0.000000000 0.000000000 
36.292500000 0.000000000 0.000000000 1.000000000 1.000000000 0.000000000 0.000000000 0.000000000 0.000000000 0.000000000 0.000000000 
36.337500000 0.000000000 0.000000000 1.000000000 1.000000000 0.000000000 0.000000000 0.000000000 0.000000000 0.000000000 0.000000000 
36.382500000 0.000000000 0.000000000 1.000000000 1.000000000 0.000000000 0.000000000 0.000000000 0.000000000 0.000000000 0.000000000 
36.427500000 0.000000000 0.000000000 1.000000000 1.000000000 0.000000000 0.000000000 0.000000000 0.000000000 0.000000000 0.000000000 
36.472500000 0.000000000 0.000000000 1.000000000 1.000000000 0.000000000 0.000000000 0.000000000 0.000000000 0.000000000 0.000000000 
36.517500000 0.000000000 0.000000000 1.000000000 1.000000000 0.000000000 0.000000000 0.000000000 0.000000000 0.000000000 0.000000000 
36.562500000 0.000000000 0.000000000 1.000000000 1.000000000 0.000000000 0.000000000 0.000000000 0.000000000 0.000000000 0.000000000 
36.607500000 0.000000000 0.000000000 1.000000000 1.000000000 0.000000000 0.000000000 0.000000000 0.000000000 0.000000000 0.000000000 
36.652500000 0.000000000 0.000000000 1.000000000 1.000000000 0.000000000 0.000000000 0.000000000 0.000000000 0.000000000 0.000000000 
36.697500000 0.000000000 0.000000000 1.000000000 1.000000000 0.000000000 0.000000000 0.000000000 0.000000000 0.000000000 0.000000000 
36.742500000 0.000000000 0.000000000 1.000000000 1.000000000 0.000000000 0.000000000 0.000000000 0.000000000 0.000000000 0.000000000 
36.787500000 0.000000000 0.000000000 1.000000000 1.000000000 0.000000000 0.000000000 0.000000000 0.000000000 0.000000000 0.000000000 
36.832500000 0.000000000 0.000000000 1.000000000 1.000000000 0.000000000 0.000000000 0.000000000 0.000000000 0.000000000 0.000000000 
36.877500000 0.000000000 0.000000000 1.000000000 1.000000000 0.000000000 0.000000000 0.000000000 0.000000000 0.000000000 0.000000000 
36.922500000 0.000000000 0.000000000 1.000000000 1.000000000 0.000000000 0.000000000 0.000000000 0.000000000 0.000000000 0.000000000 
36.967500000 0.000000000 0.000000000 1.000000000 1.000000000 0.000000000 0.000000000 0.000000000 0.000000000 0.000000000 0.000000000 
37.012500000 0.000000000 0.000000000 1.000000000 1.000000000 0.000000000 0.000000000 0.000000000 0.000000000 0.000000000 0.000000000 
37.057500000 0.000000000 0.000000000 1.000000000 1.000000000 0.000000000 0.000000000 0.000000000 0.000000000 0.000000000 0.000000000 
37.102500000 0.000000000 0.000000000 1.000000000 1.000000000 0.000000000 0.000000000 0.000000000 0.000000000 0.000000000 0.000000000 
37.147500000 0.000000000 0.000000000 1.000000000 1.000000000 0.000000000 0.000000000 0.000000000 0.000000000 0.000000000 0.000000000 
37.192500000 0.000000000 0.000000000 1.000000000 1.000000000 0.000000000 0.000000000 0.000000000 0.000000000 0.000000000 0.000000000 
37.237500000 0.000000000 0.000000000 1.000000000 1.000000000 0.000000000 0.000000000 0.000000000 0.000000000 0.000000000 0.000000000 
37.282500000 0.000000000 0.000000000 1.000000000 1.000000000 0.000000000 0.000000000 0.000000000 0.000000000 0.000000000 0.000000000 
37.327500000 0.000000000 0.000000000 1.000000000 1.000000000 0.000000000 0.000000000 0.000000000 0.000000000 0.000000000 0.000000000 
37.372500000 0.000000000 0.000000000 1.000000000 1.000000000 0.000000000 0.000000000 0.000000000 0.000000000 0.000000000 0.000000000 
37.417500000 0.000000000 0.000000000 1.000000000 1.000000000 0.000000000 0.000000000 0.000000000 0.000000000 0.000000000 0.000000000 
37.462500000 0.000000000 0.000000000 1.000000000 1.000000000 0.000000000 0.000000000 0.000000000 0.000000000 0.000000000 0.000000000 
37.507500000 0.000000000 0.000000000 1.000000000 1.000000000 0.000000000 0.000000000 0.000000000 0.000000000 0.000000000 0.000000000 
37.552500000 0.000000000 0.000000000 1.000000000 1.000000000 0.000000000 0.000000000 0.000000000 0.000000000 0.000000000 0.000000000 
37.597500000 0.000000000 0.000000000 1.000000000 1.000000000 0.000000000 0.000000000 0.000000000 0.000000000 0.000000000 0.000000000 
37.642500000 0.000000000 0.000000000 1.000000000 1.000000000 0.000000000 0.000000000 0.000000000 0.000000000 0.000000000 0.000000000 
37.687500000 0.000000000 0.000000000 1.000000000 1.000000000 0.000000000 0.000000000 0.000000000 0.000000000 0.000000000 0.000000000 
37.732500000 0.000000000 0.000000000 1.000000000 1.000000000 0.000000000 0.000000000 0.000000000 0.000000000 0.000000000 0.000000000 
37.777500000 0.000000000 0.000000000 1.000000000 1.000000000 0.000000000 0.000000000 0.000000000 0.000000000 0.000000000 0.000000000 
37.822500000 0.000000000 0.000000000 1.000000000 1.000000000 0.000000000 0.000000000 0.000000000 0.000000000 0.000000000 0.000000000 
37.867500000 0.000000000 0.000000000 1.000000000 1.000000000 0.000000000 0.000000000 0.000000000 0.000000000 0.000000000 0.000000000 
37.912500000 0.000000000 0.000000000 1.000000000 1.000000000 0.000000000 0.000000000 0.000000000 0.000000000 0.000000000 0.000000000 
37.957500000 0.000000000 0.000000000 1.000000000 1.000000000 0.000000000 0.000000000 0.000000000 0.000000000 0.000000000 0.000000000 
38.002500000 0.000000000 0.000000000 1.000000000 1.000000000 0.000000000 0.000000000 0.000000000 0.000000000 0.000000000 0.000000000 
38.047500000 0.000000000 0.000000000 1.000000000 1.000000000 0.000000000 0.000000000 0.000000000 0.000000000 0.000000000 0.000000000 
38.092500000 0.000000000 0.000000000 1.000000000 1.000000000 0.000000000 0.000000000 0.000000000 0.000000000 0.000000000 0.000000000 
38.137500000 0.000000000 0.000000000 1.000000000 1.000000000 0.000000000 0.000000000 0.000000000 0.000000000 0.000000000 0.000000000 
38.182500000 0.000000000 0.000000000 1.000000000 1.000000000 0.000000000 0.000000000 0.000000000 0.000000000 0.000000000 0.000000000 
38.227500000 0.000000000 0.000000000 1.000000000 1.000000000 0.000000000 0.000000000 0.000000000 0.000000000 0.000000000 0.000000000 
38.272500000 0.000000000 0.000000000 1.000000000 1.000000000 0.000000000 0.000000000 0.000000000 0.000000000 0.000000000 0.000000000 
38.317500000 0.000000000 0.000000000 1.000000000 1.000000000 0.000000000 0.000000000 0.000000000 0.000000000 0.000000000 0.000000000 
38.362500000 0.000000000 0.000000000 1.000000000 1.000000000 0.000000000 0.000000000 0.000000000 0.000000000 0.000000000 0.000000000 
38.407500000 0.000000000 0.000000000 1.000000000 1.000000000 0.000000000 0.000000000 0.000000000 0.000000000 0.000000000 0.000000000 
38.452500000 0.000000000 0.000000000 1.000000000 1.000000000 0.000000000 0.000000000 0.000000000 0.000000000 0.000000000 0.000000000 
38.497500000 0.000000000 0.000000000 1.000000000 1.000000000 0.000000000 0.000000000 0.000000000 0.000000000 0.000000000 0.000000000 
38.542500000 0.000000000 0.000000000 1.000000000 1.000000000 0.000000000 0.000000000 0.000000000 0.000000000 0.000000000 0.000000000 
38.587500000 0.000000000 0.000000000 1.000000000 1.000000000 0.000000000 0.000000000 0.000000000 0.000000000 0.000000000 0.000000000 
38.632500000 0.000000000 0.000000000 1.000000000 1.000000000 0.000000000 0.000000000 0.000000000 0.000000000 0.000000000 0.000000000 
38.677500000 0.000000000 0.000000000 1.000000000 1.000000000 0.000000000 0.000000000 0.000000000 0.000000000 0.000000000 0.000000000 
38.722500000 0.000000000 0.000000000 1.000000000 1.000000000 0.000000000 0.000000000 0.000000000 0.000000000 0.000000000 0.000000000 
38.767500000 0.000000000 0.000000000 1.000000000 1.000000000 0.000000000 0.000000000 0.000000000 0.000000000 0.000000000 0.000000000 
38.812500000 0.000000000 0.000000000 1.000000000 1.000000000 0.000000000 0.000000000 0.000000000 0.000000000 0.000000000 0.000000000 
38.857500000 0.000000000 0.000000000 1.000000000 1.000000000 0.000000000 0.000000000 0.000000000 0.000000000 0.000000000 0.000000000 
38.902500000 0.000000000 0.000000000 1.000000000 1.000000000 0.000000000 0.000000000 0.000000000 0.000000000 0.000000000 0.000000000 
38.947500000 0.000000000 0.000000000 1.000000000 1.000000000 0.000000000 0.000000000 0.000000000 0.000000000 0.000000000 0.000000000 
38.992500000 0.000000000 0.000000000 1.000000000 1.000000000 0.000000000 0.000000000 0.000000000 0.000000000 0.000000000 0.000000000 
39.037500000 0.000000000 0.000000000 1.000000000 1.000000000 0.000000000 0.000000000 0.000000000 0.000000000 0.000000000 0.000000000 
39.082500000 0.000000000 0.000000000 1.000000000 1.000000000 0.000000000 0.000000000 0.000000000 0.000000000 0.000000000 0.000000000 
39.127500000 0.000000000 0.000000000 1.000000000 1.000000000 0.000000000 0.000000000 0.000000000 0.000000000 0.000000000 0.000000000 
39.172500000 0.000000000 0.000000000 1.000000000 1.000000000 0.000000000 0.000000000 0.000000000 0.000000000 0.000000000 0.000000000 
39.217500000 0.000000000 0.000000000 1.000000000 1.000000000 0.000000000 0.000000000 0.000000000 0.000000000 0.000000000 0.000000000 
39.262500000 0.000000000 0.000000000 1.000000000 1.000000000 0.000000000 0.000000000 0.000000000 0.000000000 0.000000000 0.000000000 
39.307500000 0.000000000 0.000000000 1.000000000 1.000000000 0.000000000 0.000000000 0.000000000 0.000000000 0.000000000 0.000000000 
39.352500000 0.000000000 0.000000000 1.000000000 1.000000000 0.000000000 0.000000000 0.000000000 0.000000000 0.000000000 0.000000000 
39.397500000 0.000000000 0.000000000 1.000000000 1.000000000 0.000000000 0.000000000 0.000000000 0.000000000 0.000000000 0.000000000 
39.442500000 0.000000000 0.000000000 1.000000000 1.000000000 0.000000000 0.000000000 0.000000000 0.000000000 0.000000000 0.000000000 
39.487500000 0.000000000 0.000000000 1.000000000 1.000000000 0.000000000 0.000000000 0.000000000 0.000000000 0.000000000 0.000000000 
39.532500000 0.000000000 0.000000000 1.000000000 1.000000000 0.000000000 0.000000000 0.000000000 0.000000000 0.000000000 0.000000000 
39.577500000 0.000000000 0.000000000 1.000000000 1.000000000 0.000000000 0.000000000 0.000000000 0.000000000 0.000000000 0.000000000 
39.622500000 0.000000000 0.000000000 1.000000000 1.000000000 0.000000000 0.000000000 0.000000000 0.000000000 0.000000000 0.000000000 
39.667500000 0.000000000 0.000000000 1.000000000 1.000000000 0.000000000 0.000000000 0.000000000 0.000000000 0.000000000 0.000000000 
39.712500000 0.000000000 0.000000000 1.000000000 1.000000000 0.000000000 0.000000000 0.000000000 0.000000000 0.000000000 0.000000000 
39.757500000 0.000000000 0.000000000 1.000000000 1.000000000 0.000000000 0.000000000 0.000000000 0.000000000 0.000000000 0.000000000 
39.802500000 0.000000000 0.000000000 1.000000000 1.000000000 0.000000000 0.000000000 0.000000000 0.000000000 0.000000000 0.000000000 
39.847500000 0.000000000 0.000000000 1.000000000 1.000000000 0.000000000 0.000000000 0.000000000 0.000000000 0.000000000 0.000000000 
39.892500000 0.000000000 0.000000000 1.000000000 1.000000000 0.000000000 0.000000000 0.000000000 0.000000000 0.000000000 0.000000000 
39.937500000 0.000000000 0.000000000 1.000000000 1.000000000 0.000000000 0.000000000 0.000000000 0.000000000 0.000000000 0.000000000 
39.982500000 0.000000000 0.000000000 1.000000000 1.000000000 0.000000000 0.000000000 0.000000000 0.000000000 0.000000000 0.000000000 
40.027500000 0.000000000 0.000000000 1.000000000 1.000000000 0.000000000 0.000000000 0.000000000 0.000000000 0.000000000 0.000000000 
40.072500000 0.000000000 0.000000000 1.000000000 1.000000000 0.000000000 0.000000000 0.000000000 0.000000000 0.000000000 0.000000000 
40.117500000 0.000000000 0.000000000 1.000000000 1.000000000 0.000000000 0.000000000 0.000000000 0.000000000 0.000000000 0.000000000 
40.162500000 0.000000000 0.000000000 1.000000000 1.000000000 0.000000000 0.000000000 0.000000000 0.000000000 0.000000000 0.000000000 
40.207500000 0.000000000 0.000000000 1.000000000 1.000000000 0.000000000 0.000000000 0.000000000 0.000000000 0.000000000 0.000000000 
40.252500000 0.000000000 0.000000000 1.000000000 1.000000000 0.000000000 0.000000000 0.000000000 0.000000000 0.000000000 0.000000000 
40.297500000 0.000000000 0.000000000 1.000000000 1.000000000 0.000000000 0.000000000 0.000000000 0.000000000 0.000000000 0.000000000 
40.342500000 0.000000000 0.000000000 1.000000000 1.000000000 0.000000000 0.000000000 0.000000000 0.000000000 0.000000000 0.000000000 
40.387500000 0.000000000 0.000000000 1.000000000 1.000000000 0.000000000 0.000000000 0.000000000 0.000000000 0.000000000 0.000000000 
40.432500000 0.000000000 0.000000000 1.000000000 1.000000000 0.000000000 0.000000000 0.000000000 0.000000000 0.000000000 0.000000000 
40.477500000 0.000000000 0.000000000 1.000000000 1.000000000 0.000000000 0.000000000 0.000000000 0.000000000 0.000000000 0.000000000 
40.522500000 0.000000000 0.000000000 1.000000000 1.000000000 0.000000000 0.000000000 0.000000000 0.000000000 0.000000000 0.000000000 
40.567500000 0.000000000 0.000000000 1.000000000 1.000000000 0.000000000 0.000000000 0.000000000 0.000000000 0.000000000 0.000000000 
40.612500000 0.000000000 0.000000000 1.000000000 1.000000000 0.000000000 0.000000000 0.000000000 0.000000000 0.000000000 0.000000000 
40.657500000 0.000000000 0.000000000 1.000000000 1.000000000 0.000000000 0.000000000 0.000000000 0.000000000 0.000000000 0.000000000 
40.702500000 0.000000000 0.000000000 1.000000000 1.000000000 0.000000000 0.000000000 0.000000000 0.000000000 0.000000000 0.000000000 
40.747500000 0.000000000 0.000000000 1.000000000 1.000000000 0.000000000 0.000000000 0.000000000 0.000000000 0.000000000 0.000000000 
40.792500000 0.000000000 0.000000000 1.000000000 1.000000000 0.000000000 0.000000000 0.000000000 0.000000000 0.000000000 0.000000000 
40.837500000 0.000000000 0.000000000 1.000000000 1.000000000 0.000000000 0.000000000 0.000000000 0.000000000 0.000000000 0.000000000 
40.882500000 0.000000000 0.000000000 1.000000000 1.000000000 0.000000000 0.000000000 0.000000000 0.000000000 0.000000000 0.000000000 
40.927500000 0.000000000 0.000000000 1.000000000 1.000000000 0.000000000 0.000000000 0.000000000 0.000000000 0.000000000 0.000000000 
40.972500000 0.000000000 0.000000000 1.000000000 1.000000000 0.000000000 0.000000000 0.000000000 0.000000000 0.000000000 0.000000000 
41.017500000 0.000000000 0.000000000 1.000000000 1.000000000 0.000000000 0.000000000 0.000000000 0.000000000 0.000000000 0.000000000 
41.062500000 0.000000000 0.000000000 1.000000000 1.000000000 0.000000000 0.000000000 0.000000000 0.000000000 0.000000000 0.000000000 
41.107500000 0.000000000 0.000000000 1.000000000 1.000000000 0.000000000 0.000000000 0.000000000 0.000000000 0.000000000 0.000000000 
41.152500000 0.000000000 0.000000000 1.000000000 1.000000000 0.000000000 0.000000000 0.000000000 0.000000000 0.000000000 0.000000000 
41.197500000 0.000000000 0.000000000 1.000000000 1.000000000 0.000000000 0.000000000 0.000000000 0.000000000 0.000000000 0.000000000 
41.242500000 0.000000000 0.000000000 1.000000000 1.000000000 0.000000000 0.000000000 0.000000000 0.000000000 0.000000000 0.000000000 
41.287500000 0.000000000 0.000000000 1.000000000 1.000000000 0.000000000 0.000000000 0.000000000 0.000000000 0.000000000 0.000000000 
41.332500000 0.000000000 0.000000000 1.000000000 1.000000000 0.000000000 0.000000000 0.000000000 0.000000000 0.000000000 0.000000000 
41.377500000 0.000000000 0.000000000 1.000000000 1.000000000 0.000000000 0.000000000 0.000000000 0.000000000 0.000000000 0.000000000 
41.422500000 0.000000000 0.000000000 1.000000000 1.000000000 0.000000000 0.000000000 0.000000000 0.000000000 0.000000000 0.000000000 
41.467500000 0.000000000 0.000000000 1.000000000 1.000000000 0.000000000 0.000000000 0.000000000 0.000000000 0.000000000 0.000000000 
41.512500000 0.000000000 0.000000000 1.000000000 1.000000000 0.000000000 0.000000000 0.000000000 0.000000000 0.000000000 0.000000000 
41.557500000 0.000000000 0.000000000 1.000000000 1.000000000 0.000000000 0.000000000 0.000000000 0.000000000 0.000000000 0.000000000 
41.602500000 0.000000000 0.000000000 1.000000000 1.000000000 0.000000000 0.000000000 0.000000000 0.000000000 0.000000000 0.000000000 
41.647500000 0.000000000 0.000000000 1.000000000 1.000000000 0.000000000 0.000000000 0.000000000 0.000000000 0.000000000 0.000000000 
41.692500000 0.000000000 0.000000000 1.000000000 1.000000000 0.000000000 0.000000000 0.000000000 0.000000000 0.000000000 0.000000000 
41.737500000 0.000000000 0.000000000 1.000000000 1.000000000 0.000000000 0.000000000 0.000000000 0.000000000 0.000000000 0.000000000 
41.782500000 0.000000000 0.000000000 1.000000000 1.000000000 0.000000000 0.000000000 0.000000000 0.000000000 0.000000000 0.000000000 
41.827500000 0.000000000 0.000000000 1.000000000 1.000000000 0.000000000 0.000000000 0.000000000 0.000000000 0.000000000 0.000000000 
41.872500000 0.000000000 0.000000000 1.000000000 1.000000000 0.000000000 0.000000000 0.000000000 0.000000000 0.000000000 0.000000000 
41.917500000 0.000000000 0.000000000 1.000000000 1.000000000 0.000000000 0.000000000 0.000000000 0.000000000 0.000000000 0.000000000 
41.962500000 0.000000000 0.000000000 1.000000000 1.000000000 0.000000000 0.000000000 0.000000000 0.000000000 0.000000000 0.000000000 
42.007500000 0.000000000 0.000000000 1.000000000 1.000000000 0.000000000 0.000000000 0.000000000 0.000000000 0.000000000 0.000000000 
42.052500000 0.000000000 0.000000000 1.000000000 1.000000000 0.000000000 0.000000000 0.000000000 0.000000000 0.000000000 0.000000000 
42.097500000 0.000000000 0.000000000 1.000000000 1.000000000 0.000000000 0.000000000 0.000000000 0.000000000 0.000000000 0.000000000 
42.142500000 0.000000000 0.000000000 1.000000000 1.000000000 0.000000000 0.000000000 0.000000000 0.000000000 0.000000000 0.000000000 
42.187500000 0.000000000 0.000000000 1.000000000 1.000000000 0.000000000 0.000000000 0.000000000 0.000000000 0.000000000 0.000000000 
42.232500000 0.000000000 0.000000000 1.000000000 1.000000000 0.000000000 0.000000000 0.000000000 0.000000000 0.000000000 0.000000000 
42.277500000 0.000000000 0.000000000 1.000000000 1.000000000 0.000000000 0.000000000 0.000000000 0.000000000 0.000000000 0.000000000 
42.322500000 0.000000000 0.000000000 1.000000000 1.000000000 0.000000000 0.000000000 0.000000000 0.000000000 0.000000000 0.000000000 
42.367500000 0.000000000 0.000000000 1.000000000 1.000000000 0.000000000 0.000000000 0.000000000 0.000000000 0.000000000 0.000000000 
42.412500000 0.000000000 0.000000000 1.000000000 1.000000000 0.000000000 0.000000000 0.000000000 0.000000000 0.000000000 0.000000000 
42.457500000 0.000000000 0.000000000 1.000000000 1.000000000 0.000000000 0.000000000 0.000000000 0.000000000 0.000000000 0.000000000 
42.502500000 0.000000000 0.000000000 1.000000000 1.000000000 0.000000000 0.000000000 0.000000000 0.000000000 0.000000000 0.000000000 
42.547500000 0.000000000 0.000000000 1.000000000 1.000000000 0.000000000 0.000000000 0.000000000 0.000000000 0.000000000 0.000000000 
42.592500000 0.000000000 0.000000000 1.000000000 1.000000000 0.000000000 0.000000000 0.000000000 0.000000000 0.000000000 0.000000000 
42.637500000 0.000000000 0.000000000 1.000000000 1.000000000 0.000000000 0.000000000 0.000000000 0.000000000 0.000000000 0.000000000 
42.682500000 0.000000000 0.000000000 1.000000000 1.000000000 0.000000000 0.000000000 0.000000000 0.000000000 0.000000000 0.000000000 
42.727500000 0.000000000 0.000000000 1.000000000 1.000000000 0.000000000 0.000000000 0.000000000 0.000000000 0.000000000 0.000000000 
42.772500000 0.000000000 0.000000000 1.000000000 1.000000000 0.000000000 0.000000000 0.000000000 0.000000000 0.000000000 0.000000000 
42.817500000 0.000000000 0.000000000 1.000000000 1.000000000 0.000000000 0.000000000 0.000000000 0.000000000 0.000000000 0.000000000 
42.862500000 0.000000000 0.000000000 1.000000000 1.000000000 0.000000000 0.000000000 0.000000000 0.000000000 0.000000000 0.000000000 
42.907500000 0.000000000 0.000000000 1.000000000 1.000000000 0.000000000 0.000000000 0.000000000 0.000000000 0.000000000 0.000000000 
42.952500000 0.000000000 0.000000000 1.000000000 1.000000000 0.000000000 0.000000000 0.000000000 0.000000000 0.000000000 0.000000000 
42.997500000 0.000000000 0.000000000 1.000000000 1.000000000 0.000000000 0.000000000 0.000000000 0.000000000 0.000000000 0.000000000 
43.042500000 0.000000000 0.000000000 1.000000000 1.000000000 0.000000000 0.000000000 0.000000000 0.000000000 0.000000000 0.000000000 
43.087500000 0.000000000 0.000000000 1.000000000 1.000000000 0.000000000 0.000000000 0.000000000 0.000000000 0.000000000 0.000000000 
43.132500000 0.000000000 0.000000000 1.000000000 1.000000000 0.000000000 0.000000000 0.000000000 0.000000000 0.000000000 0.000000000 
43.177500000 0.000000000 0.000000000 1.000000000 1.000000000 0.000000000 0.000000000 0.000000000 0.000000000 0.000000000 0.000000000 
43.222500000 0.000000000 0.000000000 1.000000000 1.000000000 0.000000000 0.000000000 0.000000000 0.000000000 0.000000000 0.000000000 
43.267500000 0.000000000 0.000000000 1.000000000 1.000000000 0.000000000 0.000000000 0.000000000 0.000000000 0.000000000 0.000000000 
43.312500000 0.000000000 0.000000000 1.000000000 1.000000000 0.000000000 0.000000000 0.000000000 0.000000000 0.000000000 0.000000000 
43.357500000 0.000000000 0.000000000 1.000000000 1.000000000 0.000000000 0.000000000 0.000000000 0.000000000 0.000000000 0.000000000 
43.402500000 0.000000000 0.000000000 1.000000000 1.000000000 0.000000000 0.000000000 0.000000000 0.000000000 0.000000000 0.000000000 
43.447500000 0.000000000 0.000000000 1.000000000 1.000000000 0.000000000 0.000000000 0.000000000 0.000000000 0.000000000 0.000000000 
43.492500000 0.000000000 0.000000000 1.000000000 1.000000000 0.000000000 0.000000000 0.000000000 0.000000000 0.000000000 0.000000000 
43.537500000 0.000000000 0.000000000 1.000000000 1.000000000 0.000000000 0.000000000 0.000000000 0.000000000 0.000000000 0.000000000 
43.582500000 0.000000000 0.000000000 1.000000000 1.000000000 0.000000000 0.000000000 0.000000000 0.000000000 0.000000000 0.000000000 
43.627500000 0.000000000 0.000000000 1.000000000 1.000000000 0.000000000 0.000000000 0.000000000 0.000000000 0.000000000 0.000000000 
43.672500000 0.000000000 0.000000000 1.000000000 1.000000000 0.000000000 0.000000000 0.000000000 0.000000000 0.000000000 0.000000000 
43.717500000 0.000000000 0.000000000 1.000000000 1.000000000 0.000000000 0.000000000 0.000000000 0.000000000 0.000000000 0.000000000 
43.762500000 0.000000000 0.000000000 1.000000000 1.000000000 0.000000000 0.000000000 0.000000000 0.000000000 0.000000000 0.000000000 
43.807500000 0.000000000 0.000000000 1.000000000 1.000000000 0.000000000 0.000000000 0.000000000 0.000000000 0.000000000 0.000000000 
43.852500000 0.000000000 0.000000000 1.000000000 1.000000000 0.000000000 0.000000000 0.000000000 0.000000000 0.000000000 0.000000000 
43.897500000 0.000000000 0.000000000 1.000000000 1.000000000 0.000000000 0.000000000 0.000000000 0.000000000 0.000000000 0.000000000 
43.942500000 0.000000000 0.000000000 1.000000000 1.000000000 0.000000000 0.000000000 0.000000000 0.000000000 0.000000000 0.000000000 
43.987500000 0.000000000 0.000000000 1.000000000 1.000000000 0.000000000 0.000000000 0.000000000 0.000000000 0.000000000 0.000000000 
44.032500000 0.000000000 0.000000000 1.000000000 1.000000000 0.000000000 0.000000000 0.000000000 0.000000000 0.000000000 0.000000000 
44.077500000 0.000000000 0.000000000 1.000000000 1.000000000 0.000000000 0.000000000 0.000000000 0.000000000 0.000000000 0.000000000 
44.122500000 0.000000000 0.000000000 1.000000000 1.000000000 0.000000000 0.000000000 0.000000000 0.000000000 0.000000000 0.000000000 
44.167500000 0.000000000 0.000000000 1.000000000 1.000000000 0.000000000 0.000000000 0.000000000 0.000000000 0.000000000 0.000000000 
44.212500000 0.000000000 0.000000000 1.000000000 1.000000000 0.000000000 0.000000000 0.000000000 0.000000000 0.000000000 0.000000000 
44.257500000 0.000000000 0.000000000 1.000000000 1.000000000 0.000000000 0.000000000 0.000000000 0.000000000 0.000000000 0.000000000 
44.302500000 0.000000000 0.000000000 1.000000000 1.000000000 0.000000000 0.000000000 0.000000000 0.000000000 0.000000000 0.000000000 
44.347500000 0.000000000 0.000000000 1.000000000 1.000000000 0.000000000 0.000000000 0.000000000 0.000000000 0.000000000 0.000000000 
44.392500000 0.000000000 0.000000000 1.000000000 1.000000000 0.000000000 0.000000000 0.000000000 0.000000000 0.000000000 0.000000000 
44.437500000 0.000000000 0.000000000 1.000000000 1.000000000 0.000000000 0.000000000 0.000000000 0.000000000 0.000000000 0.000000000 
44.482500000 0.000000000 0.000000000 1.000000000 1.000000000 0.000000000 0.000000000 0.000000000 0.000000000 0.000000000 0.000000000 
44.527500000 0.000000000 0.000000000 1.000000000 1.000000000 0.000000000 0.000000000 0.000000000 0.000000000 0.000000000 0.000000000 
44.572500000 0.000000000 0.000000000 1.000000000 1.000000000 0.000000000 0.000000000 0.000000000 0.000000000 0.000000000 0.000000000 
44.617500000 0.000000000 0.000000000 1.000000000 1.000000000 0.000000000 0.000000000 0.000000000 0.000000000 0.000000000 0.000000000 
44.662500000 0.000000000 0.000000000 1.000000000 1.000000000 0.000000000 0.000000000 0.000000000 0.000000000 0.000000000 0.000000000 
44.707500000 0.000000000 0.000000000 1.000000000 1.000000000 0.000000000 0.000000000 0.000000000 0.000000000 0.000000000 0.000000000 
44.752500000 0.000000000 0.000000000 1.000000000 1.000000000 0.000000000 0.000000000 0.000000000 0.000000000 0.000000000 0.000000000 
44.797500000 0.000000000 0.000000000 1.000000000 1.000000000 0.000000000 0.000000000 0.000000000 0.000000000 0.000000000 0.000000000 
44.842500000 0.000000000 0.000000000 1.000000000 1.000000000 0.000000000 0.000000000 0.000000000 0.000000000 0.000000000 0.000000000 
44.887500000 0.000000000 0.000000000 1.000000000 1.000000000 0.000000000 0.000000000 0.000000000 0.000000000 0.000000000 0.000000000 
44.932500000 0.000000000 0.000000000 1.000000000 1.000000000 0.000000000 0.000000000 0.000000000 0.000000000 0.000000000 0.000000000 
44.977500000 0.000000000 0.000000000 1.000000000 1.000000000 0.000000000 0.000000000 1.000000000 0.000000000 0.000000000 0.000000000 
